Country/years,_World,Afghanistan,Albania,Algeria,Angola,Antigua and Barbuda,Arab World,Argentina,Armenia,Aruba,Australia,Austria,Azerbaijan,Bahamas,Bahrain,Bangladesh,Barbados,Belarus,Belgium,Belize,Benin,Bhutan,Bolivia,Bosnia and Herzegovina,Botswana,Brazil,Brunei Darussalam,Bulgaria,Burkina Faso,Burundi,Cabo Verde,Cambodia,Cameroon,Canada,Central African Republic,Chad,Chile,China,Colombia,Comoros,Congo,Costa Rica,Cote d'Ivoire,Croatia,Cuba,Cyprus,Czechia,Denmark,Djibouti,Dominican Republic,Ecuador,Egypt,El Salvador,Equatorial Guinea,Eritrea,Estonia,Eswatini,Ethiopia,Euro area,Fiji,Finland,France,French Polynesia,Gabon,"Gambia, The",Georgia,Germany,Ghana,Greece,Grenada,Guam,Guatemala,Guinea,Guinea-Bissau,Guyana,Haiti,High income,Honduras,Hungary,Iceland,India,Indonesia,Iran,Iraq,Ireland,Israel,Italy,Jamaica,Japan,Jordan,Kazakhstan,Kenya,Kiribati,Kuwait,Kyrgyz Republic,Laos,Latvia,Lebanon,Lesotho,Liberia,Libya,Lithuania,Madagascar,Malawi,Malaysia,Maldives,Mali,Malta,Mauritania,Mauritius,Mexico,Middle income,Moldova,Mongolia,Montenegro,Morocco,Mozambique,Myanmar,Namibia,Nepal,Netherlands,New Caledonia,New Zealand,Nicaragua,Niger,Nigeria,North Macedonia,Norway,Oman,Pakistan,Panama,Papua New Guinea,Paraguay,Peru,Philippines,Poland,Portugal,Puerto Rico,Qatar,Romania,Russia,Rwanda,Samoa,Sao Tome and Principe,Saudi Arabia,Senegal,Sierra Leone,Singapore,Slovak Republic,Slovenia,Solomon Islands,Somalia,South Africa,South Korea,Spain,Sri Lanka,St. Lucia,St. Vincent and the Grenadines,Sudan,Suriname,Sweden,Switzerland,Syrian Arab Republic,Tajikistan,Tanzania,Thailand,Timor-Leste,Togo,Tonga,Trinidad and Tobago,Tunisia,Turkiye,Turkmenistan,Uganda,Ukraine,United Arab Emirates,United Kingdom,United States,Uruguay,Uzbekistan,Vanuatu,Venezuela,Vietnam,Yemen,Zambia,Zimbabwe
1960,4.98,7.45,6.49,7.52,6.71,4.43,6.98,3.11,4.79,4.82,3.45,2.69,5.88,4.5,7.09,6.73,4.33,2.67,2.54,6.5,6.28,6.64,6.36,3.8,6.62,6.06,6.84,2.31,6.29,6.94,6.89,6.97,5.65,3.81,5.84,6.25,4.7,5.76,6.74,6.79,5.88,6.71,7.69,2.29,4.19,3.5,2.09,2.57,6.46,7.56,6.72,6.72,6.67,5.65,6.9,1.98,6.75,6.88,2.61,6.46,2.72,2.85,5.66,4.38,6.25,2.94,2.37,6.75,2.23,6.74,6.05,6.9,6.11,5.92,6.37,6.32,3.02,7.46,2.02,4.29,5.91,5.67,6.93,6.25,3.78,3.87,2.4,5.42,2,7.69,4.56,7.95,6.79,7.24,5.47,5.96,1.94,5.74,5.84,6.41,7.2,2.56,7.3,6.94,6.45,7.02,6.97,3.62,6.78,6.17,6.77,5.62,3.33,6.95,3.6,7.04,6.44,6.05,6.15,5.96,3.12,6.28,4.03,7.37,7.45,6.35,3.84,2.85,7.25,6.6,5.87,6.28,6.5,6.94,7.15,2.98,3.16,4.66,6.97,2.34,2.52,8.19,7.65,6.24,7.22,7,6.13,5.76,3.04,2.34,6.39,7.25,6.04,6.1,2.86,5.54,6.97,7.22,6.72,6.61,2.17,2.44,7.47,6.55,6.81,6.15,6.32,6.52,7.36,5.26,6.94,6.37,6.59,7,2.24,6.93,2.69,3.65,2.88,6.26,7.2,6.36,6.35,7.94,7.12,7.16
1961,5,7.45,6.4,7.57,6.79,4.39,7,3.1,4.67,4.66,3.54,2.78,5.94,4.5,7.13,6.76,4.31,2.59,2.63,6.48,6.34,6.62,6.34,3.74,6.63,6.03,6.77,2.29,6.32,6.99,6.92,6.96,5.71,3.75,5.87,6.27,4.66,5.91,6.71,6.85,5.92,6.65,7.72,2.25,4.37,3.47,2.11,2.55,6.49,7.49,6.7,6.7,6.68,5.66,6.87,1.98,6.77,6.88,2.64,6.28,2.72,2.87,5.58,4.46,6.23,2.94,2.45,6.79,2.13,6.63,6.05,6.86,6.13,5.93,6.31,6.32,3.02,7.45,1.94,3.88,5.9,5.66,6.92,6.36,3.78,3.86,2.44,5.53,2.05,7.8,4.51,8,6.8,7.27,5.52,5.96,1.94,5.72,5.83,6.43,7.24,2.53,7.3,6.96,6.42,7.08,6.98,3.27,6.79,6.18,6.77,5.66,3.26,7.17,3.52,7.07,6.48,6.07,6.17,5.96,3.22,6.14,3.98,7.31,7.47,6.35,3.76,2.94,7.25,6.6,5.85,6.28,6.49,6.92,7.09,2.83,3.21,4.55,6.97,2.17,2.45,8.19,7.65,6.26,7.23,7.04,6.17,5.41,2.96,2.33,6.39,7.25,6.03,5.93,2.77,5.42,6.93,7.16,6.73,6.59,2.21,2.52,7.5,6.66,6.81,6.15,6.27,6.57,7.35,5.18,6.97,6.3,6.69,7.02,2.17,6.91,2.78,3.62,2.89,6.36,7.12,6.3,6.39,7.96,7.17,7.22
1962,5.03,7.45,6.28,7.61,6.87,4.34,7.02,3.09,4.52,4.47,3.44,2.8,5.96,4.45,7.16,6.79,4.27,2.5,2.59,6.46,6.39,6.61,6.31,3.68,6.65,5.98,6.68,2.24,6.34,7.03,6.95,6.96,5.77,3.68,5.89,6.29,4.6,6.06,6.66,6.9,5.97,6.54,7.75,2.22,4.5,3.42,2.12,2.55,6.53,7.4,6.68,6.67,6.67,5.67,6.84,1.95,6.79,6.88,2.64,6.09,2.68,2.89,5.5,4.54,6.21,2.94,2.44,6.83,2.16,6.44,5.98,6.82,6.14,5.94,6.23,6.3,2.97,7.44,1.79,3.98,5.89,5.65,6.91,6.51,3.92,3.85,2.46,5.63,2.01,7.9,4.43,8.04,6.78,7.31,5.53,5.97,1.91,5.69,5.82,6.45,7.31,2.45,7.3,6.99,6.35,7.12,6.99,3.24,6.79,6.12,6.77,5.71,3.18,7.35,3.44,7.09,6.53,6.1,6.18,5.96,3.18,6.01,4.11,7.25,7.49,6.35,3.69,2.91,7.25,6.6,5.81,6.28,6.47,6.9,7.02,2.72,3.23,4.41,6.98,2.04,2.36,8.2,7.63,6.28,7.24,7.08,6.22,5.21,2.83,2.33,6.38,7.26,6.01,5.74,2.8,5.3,6.88,7.07,6.75,6.56,2.25,2.58,7.52,6.76,6.8,6.16,6.22,6.62,7.3,5.05,6.99,6.24,6.76,7.04,2.14,6.89,2.86,3.46,2.88,6.44,7.03,6.23,6.43,7.99,7.21,7.27
1963,5.05,7.45,6.13,7.65,6.95,4.3,7.04,3.08,4.35,4.27,3.33,2.82,5.95,4.36,7.19,6.83,4.2,2.4,2.68,6.44,6.45,6.6,6.28,3.6,6.67,5.91,6.57,2.21,6.38,7.07,6.98,6.94,5.83,3.61,5.91,6.3,4.54,6.21,6.58,6.94,6.01,6.39,7.78,2.18,4.58,3.35,2.31,2.67,6.56,7.3,6.65,6.65,6.65,5.69,6.81,1.89,6.81,6.87,2.68,5.88,2.68,2.89,5.43,4.62,6.2,2.92,2.51,6.86,2.14,6.2,5.86,6.79,6.15,5.95,6.14,6.27,2.95,7.44,1.82,3.99,5.88,5.63,6.9,6.69,4.01,3.84,2.51,5.71,2.02,7.98,4.32,8.08,6.73,7.35,5.52,5.97,1.85,5.65,5.81,6.48,7.4,2.35,7.31,7.02,6.25,7.15,7.01,2.9,6.8,5.99,6.78,5.74,3.09,7.48,3.34,7.09,6.57,6.12,6.2,5.96,3.19,5.9,3.99,7.19,7.51,6.34,3.64,2.93,7.26,6.6,5.77,6.28,6.45,6.86,6.95,2.7,3.12,4.25,6.98,2.01,2.27,8.2,7.6,6.31,7.25,7.12,6.26,5.16,2.92,2.32,6.39,7.26,5.99,5.53,2.88,5.18,6.82,6.98,6.76,6.5,2.33,2.65,7.54,6.84,6.8,6.16,6.16,6.68,7.23,4.87,7.01,6.17,6.79,7.06,2.06,6.88,2.88,3.32,2.87,6.49,6.94,6.16,6.45,8.03,7.25,7.31
1964,5.06,7.45,5.96,7.67,7.04,4.25,7.05,3.07,4.15,4.06,3.15,2.79,5.89,4.22,7.19,6.85,4.09,2.31,2.71,6.42,6.5,6.6,6.25,3.52,6.68,5.82,6.44,2.19,6.41,7.11,6.99,6.91,5.89,3.46,5.93,6.32,4.46,6.32,6.48,6.98,6.06,6.19,7.81,2.14,4.6,3.25,2.34,2.6,6.6,7.19,6.61,6.62,6.61,5.71,6.78,1.94,6.83,6.87,2.74,5.68,2.59,2.87,5.37,4.69,6.2,2.91,2.54,6.89,2.24,5.91,5.67,6.77,6.17,5.96,6.05,6.23,2.92,7.44,1.82,3.88,5.86,5.62,6.87,6.87,4.07,3.83,2.66,5.78,2.05,8.03,4.19,8.1,6.63,7.38,5.48,5.97,1.79,5.58,5.81,6.5,7.52,2.28,7.31,7.06,6.1,7.18,7.03,2.79,6.8,5.79,6.78,5.76,2.99,7.56,3.25,7.07,6.62,6.13,6.22,5.97,3.17,5.7,3.73,7.13,7.52,6.34,3.6,2.98,7.26,6.6,5.71,6.27,6.41,6.81,6.87,2.57,3.21,4.08,6.99,1.96,2.18,8.2,7.57,6.33,7.26,7.16,6.3,4.97,2.89,2.31,6.39,7.26,5.96,5.33,3.01,5.07,6.76,6.88,6.78,6.41,2.47,2.66,7.56,6.91,6.8,6.15,6.08,6.73,7.12,4.66,7.02,6.09,6.79,7.08,1.96,6.86,2.93,3.19,2.86,6.52,6.84,6.07,6.46,8.07,7.27,7.35
1965,5.04,7.45,5.77,7.68,7.12,4.19,7.05,3.06,3.95,3.84,2.98,2.7,5.79,4.06,7.16,6.88,3.96,2.27,2.61,6.4,6.54,6.6,6.21,3.42,6.69,5.7,6.3,2.09,6.45,7.15,6.99,6.87,5.95,3.12,5.94,6.34,4.36,6.39,6.33,7,6.1,5.96,7.84,2.1,4.55,3.13,2.18,2.61,6.63,7.05,6.56,6.58,6.55,5.73,6.75,1.88,6.84,6.86,2.68,5.48,2.48,2.84,5.31,4.77,6.19,2.88,2.5,6.92,2.25,5.6,5.44,6.74,6.18,5.97,5.96,6.18,2.83,7.44,1.82,3.73,5.83,5.61,6.83,7.04,4.04,3.81,2.6,5.82,2.14,8.06,4.05,8.12,6.5,7.41,5.42,5.97,1.74,5.5,5.8,6.52,7.65,2.23,7.31,7.1,5.92,7.2,7.05,2.52,6.8,5.51,6.78,5.77,2.89,7.59,3.15,7.03,6.65,6.14,6.24,5.97,3.04,5.6,3.54,7.07,7.53,6.34,3.55,2.94,7.27,6.6,5.64,6.26,6.36,6.75,6.78,2.52,3.15,3.89,6.99,1.91,2.13,8.2,7.52,6.35,7.26,7.19,6.34,4.66,2.78,2.3,6.42,7.26,5.92,5.13,2.94,4.96,6.69,6.76,6.8,6.3,2.39,2.59,7.56,6.96,6.8,6.13,6.01,6.79,6.97,4.43,7.01,6.01,6.76,7.09,1.99,6.84,2.86,2.91,2.84,6.52,6.73,5.98,6.48,8.11,7.29,7.37
1966,4.99,7.45,5.58,7.68,7.19,4.13,7.04,3.05,3.76,3.63,2.88,2.66,5.66,3.9,7.1,6.9,3.81,2.29,2.52,6.38,6.59,6.6,6.17,3.31,6.7,5.57,6.16,2.03,6.49,7.18,6.99,6.81,6,2.75,5.95,6.36,4.26,6.38,6.16,7.03,6.14,5.7,7.87,2.06,4.46,3.01,2.02,2.62,6.67,6.9,6.51,6.53,6.49,5.76,6.73,1.87,6.85,6.87,2.66,5.28,2.41,2.8,5.27,4.83,6.19,2.85,2.53,6.94,2.32,5.3,5.19,6.72,6.19,5.98,5.86,6.11,2.67,7.44,1.89,3.59,5.79,5.6,6.77,7.19,3.94,3.8,2.58,5.82,1.58,8.05,3.91,8.13,6.33,7.42,5.35,5.97,1.76,5.4,5.8,6.55,7.78,2.22,7.31,7.14,5.73,7.22,7.07,2.33,6.8,5.19,6.78,5.75,2.8,7.6,3.05,6.97,6.68,6.13,6.27,5.96,2.9,5.39,3.41,7.03,7.54,6.34,3.5,2.9,7.28,6.6,5.56,6.24,6.28,6.68,6.69,2.34,3.16,3.7,6.99,1.9,2.1,8.2,7.46,6.37,7.26,7.22,6.37,4.46,2.66,2.29,6.47,7.26,5.88,4.94,2.91,4.85,6.61,6.63,6.82,6.18,2.37,2.5,7.57,7,6.8,6.08,5.93,6.85,6.8,4.2,6.98,5.93,6.7,7.11,2.02,6.82,2.78,2.72,2.83,6.5,6.63,5.87,6.49,8.17,7.3,7.39
1967,4.97,7.45,5.39,7.67,7.27,4.04,7.03,3.05,3.58,3.42,2.85,2.62,5.51,3.75,7,6.92,3.64,2.26,2.41,6.36,6.63,6.6,6.13,3.21,6.7,5.42,6.03,2.02,6.53,7.21,6.98,6.75,6.06,2.53,5.95,6.39,4.14,6.32,5.96,7.04,6.18,5.42,7.89,2.03,4.33,2.89,1.91,2.35,6.7,6.74,6.44,6.47,6.42,5.78,6.71,1.9,6.85,6.88,2.62,5.08,2.32,2.75,5.22,4.9,6.19,2.82,2.48,6.95,2.45,5.04,4.94,6.71,6.2,5.99,5.76,6.03,2.69,7.42,2.01,3.28,5.75,5.58,6.7,7.3,3.84,3.79,2.5,5.79,2.02,8.03,3.8,8.13,6.13,7.4,5.3,5.97,1.8,5.3,5.8,6.58,7.91,2.23,7.3,7.18,5.53,7.23,7.09,2.24,6.8,4.85,6.76,5.7,2.72,7.59,2.95,6.9,6.7,6.11,6.31,5.96,2.81,5.17,3.35,6.98,7.54,6.36,3.44,2.81,7.28,6.6,5.47,6.23,6.17,6.6,6.59,2.33,3.16,3.53,6.98,3.66,2.04,8.2,7.4,6.39,7.26,7.24,6.4,3.91,2.48,2.27,6.55,7.25,5.83,4.77,2.94,4.73,6.51,6.49,6.84,6.05,2.28,2.39,7.57,7.02,6.79,6.01,5.86,6.91,6.59,3.99,6.94,5.86,6.64,7.11,2.01,6.79,2.68,2.56,2.83,6.46,6.53,5.75,6.49,8.22,7.32,7.4
1968,4.92,7.45,5.22,7.67,7.33,3.94,7,3.05,3.43,3.23,2.89,2.58,5.35,3.65,6.86,6.94,3.46,2.22,2.31,6.34,6.67,6.6,6.09,3.11,6.69,5.27,5.91,2.27,6.56,7.23,6.97,6.67,6.11,2.39,5.96,6.43,4.03,6.18,5.74,7.06,6.21,5.13,7.91,2.01,4.21,2.78,1.84,2.12,6.74,6.56,6.35,6.4,6.34,5.79,6.69,2.03,6.86,6.9,2.55,4.89,2.14,2.69,5.17,4.96,6.19,2.79,2.38,6.96,2.42,4.84,4.72,6.69,6.21,6.01,5.64,5.94,2.64,7.38,2.06,3.06,5.7,5.56,6.62,7.36,3.77,3.79,2.46,5.72,2.13,8,3.71,8.12,5.9,7.36,5.25,5.97,1.83,5.18,5.81,6.62,8.01,2.24,7.3,7.22,5.34,7.24,7.11,2.12,6.8,4.52,6.73,5.64,2.66,7.58,2.87,6.82,6.72,6.08,6.35,5.95,2.72,4.88,3.33,6.94,7.55,6.39,3.36,2.75,7.29,6.6,5.38,6.21,6.04,6.51,6.49,2.24,3.12,3.38,6.97,3.63,1.99,8.21,7.33,6.42,7.27,7.25,6.43,3.53,2.39,2.26,6.66,7.23,5.78,4.62,2.87,4.61,6.39,6.35,6.86,5.92,2.07,2.29,7.57,7.04,6.79,5.9,5.79,6.97,6.37,3.8,6.88,5.78,6.56,7.12,2,6.76,2.6,2.46,2.84,6.42,6.43,5.61,6.49,8.28,7.33,7.41
1969,4.86,7.45,5.06,7.66,7.39,3.82,6.97,3.06,3.3,3.05,2.89,2.49,5.19,3.58,6.69,6.95,3.28,2.26,2.27,6.32,6.71,6.6,6.05,3.02,6.67,5.12,5.81,2.27,6.59,7.24,6.95,6.57,6.16,2.33,5.96,6.48,3.9,5.99,5.51,7.06,6.24,4.85,7.93,1.99,4.07,2.69,1.87,2,6.77,6.38,6.25,6.32,6.26,5.8,6.67,2.13,6.87,6.94,2.49,4.71,1.93,2.62,5.12,5.02,6.18,2.75,2.21,6.96,2.36,4.69,4.53,6.66,6.23,6.02,5.52,5.85,2.58,7.33,2.04,2.99,5.65,5.52,6.53,7.38,3.83,3.78,2.47,5.62,2.13,7.97,3.65,8.1,5.67,7.28,5.21,5.97,1.88,5.06,5.81,6.66,8.09,2.3,7.29,7.26,5.17,7.24,7.12,2.02,6.79,4.21,6.68,5.55,2.61,7.58,2.8,6.74,6.72,6.03,6.41,5.93,2.75,4.59,3.27,6.9,7.56,6.43,3.27,2.7,7.29,6.6,5.28,6.19,5.89,6.42,6.38,2.2,3.12,3.25,6.95,3.19,1.97,8.22,7.27,6.44,7.27,7.26,6.47,3.22,2.43,2.24,6.78,7.21,5.73,4.47,2.86,4.48,6.25,6.19,6.87,5.79,1.93,2.19,7.57,7.03,6.78,5.76,5.72,7.03,6.15,3.66,6.8,5.7,6.48,7.12,2.04,6.71,2.51,2.46,2.87,6.38,6.35,5.47,6.49,8.33,7.35,7.42
1970,4.78,7.45,4.91,7.64,7.43,3.68,6.92,3.08,3.2,2.91,2.86,2.29,5.02,3.54,6.5,6.95,3.11,2.31,2.25,6.3,6.75,6.6,6,2.93,6.65,4.97,5.72,2.17,6.62,7.25,6.94,6.47,6.2,2.26,5.96,6.53,3.78,5.73,5.28,7.06,6.27,4.6,7.94,1.98,3.94,2.61,1.92,1.95,6.8,6.18,6.14,6.23,6.17,5.81,6.65,2.17,6.87,6.98,2.39,4.54,1.83,2.55,5.06,5.08,6.19,2.71,2.03,6.95,2.4,4.6,4.37,6.64,6.24,6.04,5.38,5.76,2.54,7.27,1.98,2.81,5.59,5.47,6.44,7.36,3.85,3.78,2.38,5.48,2.14,7.93,3.61,8.08,5.46,7.17,5.18,5.97,1.96,4.95,5.81,6.7,8.13,2.4,7.27,7.3,5.01,7.23,7.13,2.03,6.78,3.95,6.61,5.44,2.58,7.57,2.74,6.65,6.72,5.96,6.47,5.92,2.57,4.3,3.16,6.86,7.57,6.47,3.16,2.5,7.31,6.6,5.17,6.16,5.74,6.32,6.26,2.2,3.01,3.15,6.91,2.89,1.99,8.23,7.19,6.47,7.28,7.26,6.5,3.07,2.41,2.23,6.91,7.18,5.67,4.53,2.84,4.34,6.1,6.01,6.88,5.65,1.92,2.1,7.57,7,6.77,5.6,5.66,7.08,5.94,3.55,6.71,5.62,6.4,7.12,2.09,6.66,2.44,2.48,2.9,6.33,6.27,5.32,6.47,8.39,7.37,7.42
1971,4.67,7.45,4.78,7.62,7.47,3.52,6.87,3.11,3.11,2.79,2.96,2.2,4.85,3.51,6.3,6.94,2.95,2.31,2.21,6.29,6.79,6.6,5.96,2.84,6.62,4.84,5.62,2.1,6.66,7.26,6.91,6.33,6.25,2.14,5.96,6.58,3.65,5.4,5.06,7.06,6.29,4.37,7.94,1.97,3.77,2.55,2,2.04,6.82,5.98,6.01,6.14,6.09,5.81,6.64,2.19,6.87,7.02,2.34,4.4,1.68,2.47,4.98,5.14,6.19,2.67,1.92,6.94,2.32,4.56,4.25,6.62,6.26,6.06,5.23,5.69,2.48,7.2,1.93,2.92,5.52,5.41,6.36,7.31,3.93,3.77,2.4,5.31,2.16,7.88,3.59,8.05,5.27,7.02,5.15,5.98,2,4.84,5.81,6.74,8.15,2.41,7.25,7.35,4.88,7.2,7.14,2.06,6.77,3.74,6.51,5.3,2.56,7.55,2.68,6.55,6.71,5.88,6.52,5.9,2.36,4.2,3.19,6.82,7.58,6.52,3.04,2.49,7.35,6.6,5.06,6.14,5.59,6.21,6.15,2.25,3,3.07,6.86,2.67,2.03,8.25,7.12,6.49,7.29,7.26,6.52,3.02,2.43,2.22,7.04,7.15,5.6,4.54,2.9,4.21,5.95,5.83,6.89,5.5,1.96,2.04,7.57,6.94,6.77,5.4,5.58,7.14,5.76,3.48,6.59,5.53,6.32,7.11,2.12,6.58,2.41,2.27,2.94,6.26,6.2,5.17,6.42,8.43,7.38,7.43
1972,4.54,7.45,4.64,7.6,7.49,3.33,6.82,3.15,3.04,2.69,2.74,2.08,4.68,3.47,6.09,6.93,2.79,2.28,2.09,6.28,6.82,6.61,5.92,2.76,6.58,4.71,5.5,2.03,6.7,7.27,6.89,6.18,6.29,1.98,5.95,6.64,3.53,5.04,4.86,7.06,6.31,4.18,7.94,1.97,3.58,2.49,2.09,2.03,6.83,5.78,5.87,6.06,6,5.81,6.62,2.13,6.87,7.06,2.24,4.28,1.58,2.38,4.89,5.21,6.21,2.62,1.71,6.92,2.32,4.54,4.14,6.6,6.28,6.08,5.06,5.64,2.34,7.11,1.93,3.09,5.44,5.34,6.29,7.23,3.84,3.77,2.35,5.11,2.14,7.82,3.57,8.01,5.13,6.84,5.11,5.99,2,4.73,5.8,6.78,8.14,2.34,7.22,7.39,4.76,7.16,7.15,2.01,6.76,3.58,6.38,5.15,2.54,7.5,2.62,6.46,6.69,5.79,6.56,5.88,2.15,4.1,3,6.77,7.6,6.58,2.93,2.38,7.41,6.61,4.94,6.11,5.46,6.09,6.04,2.24,2.86,3.01,6.78,2.55,2.04,8.28,7.04,6.51,7.3,7.26,6.55,3.04,2.49,2.21,7.15,7.12,5.53,4.12,2.87,4.08,5.81,5.63,6.9,5.34,1.91,1.91,7.56,6.85,6.76,5.18,5.49,7.18,5.62,3.43,6.47,5.43,6.24,7.11,2.08,6.48,2.2,2.01,2.97,6.19,6.13,5.04,6.35,8.47,7.39,7.43
1973,4.41,7.45,4.51,7.56,7.5,3.12,6.76,3.2,2.96,2.61,2.49,1.94,4.51,3.41,5.9,6.9,2.65,2.25,1.95,6.29,6.86,6.61,5.88,2.67,6.55,4.6,5.36,2.15,6.74,7.29,6.86,6,6.33,1.89,5.94,6.69,3.41,4.64,4.68,7.06,6.32,4.02,7.94,1.96,3.35,2.44,2.31,1.92,6.82,5.58,5.73,5.97,5.91,5.8,6.62,2.06,6.85,7.09,2.13,4.18,1.49,2.28,4.79,5.28,6.24,2.58,1.54,6.89,2.27,4.51,4.03,6.58,6.31,6.1,4.88,5.62,2.25,7.03,1.93,2.94,5.36,5.25,6.24,7.15,3.71,3.7,2.3,4.9,2.14,7.75,3.54,7.96,5.03,6.63,5.05,6.01,1.98,4.63,5.8,6.82,8.1,2.22,7.19,7.43,4.64,7.1,7.15,1.65,6.74,3.44,6.23,4.99,2.52,7.41,2.57,6.36,6.67,5.69,6.59,5.87,1.9,3.9,2.7,6.71,7.62,6.63,2.83,2.23,7.5,6.61,4.81,6.08,5.35,5.97,5.93,2.26,2.77,2.96,6.69,2.44,2.01,8.31,6.95,6.53,7.31,7.26,6.57,2.79,2.56,2.21,7.22,7.09,5.44,4.07,2.84,3.97,5.69,5.42,6.91,5.15,1.87,1.81,7.54,6.71,6.76,4.95,5.39,7.22,5.51,3.39,6.33,5.32,6.14,7.1,2.04,6.37,2.04,1.88,2.99,6.09,6.07,4.91,6.25,8.5,7.39,7.44
1974,4.29,7.45,4.37,7.51,7.5,2.91,6.71,3.25,2.88,2.55,2.4,1.91,4.34,3.33,5.72,6.87,2.51,2.21,1.83,6.29,6.9,6.62,5.84,2.58,6.51,4.5,5.18,2.29,6.8,7.31,6.82,5.83,6.37,1.84,5.94,6.74,3.29,4.24,4.53,7.05,6.32,3.9,7.93,1.95,3.09,2.39,2.46,1.9,6.8,5.39,5.58,5.9,5.82,5.8,6.61,2.07,6.84,7.12,2.1,4.11,1.61,2.18,4.67,5.34,6.27,2.53,1.51,6.86,2.38,4.48,3.92,6.56,6.34,6.12,4.69,5.61,2.2,6.94,2.27,2.66,5.28,5.15,6.21,7.07,3.59,3.63,2.28,4.69,2.05,7.68,3.49,7.91,4.99,6.4,4.97,6.03,1.97,4.53,5.78,6.85,8.05,2.21,7.15,7.48,4.53,7.04,7.15,1.64,6.71,3.34,6.06,4.83,2.5,7.29,2.51,6.26,6.65,5.58,6.59,5.85,1.77,3.8,2.57,6.65,7.64,6.67,2.74,2.13,7.62,6.61,4.68,6.04,5.27,5.84,5.82,2.26,2.7,2.91,6.58,2.71,2,8.34,6.86,6.53,7.31,7.25,6.59,2.35,2.61,2.2,7.25,7.06,5.35,3.77,2.88,3.87,5.57,5.2,6.92,4.95,1.87,1.73,7.51,6.55,6.76,4.72,5.29,7.25,5.45,3.35,6.19,5.19,6.04,7.1,2.04,6.25,1.92,1.84,3,5.97,6,4.79,6.13,8.53,7.38,7.44
1975,4.16,7.45,4.24,7.43,7.49,2.7,6.65,3.3,2.79,2.51,2.15,1.83,4.18,3.23,5.56,6.82,2.39,2.17,1.74,6.28,6.93,6.62,5.79,2.49,6.47,4.42,4.99,2.23,6.86,7.33,6.77,5.68,6.41,1.82,5.93,6.78,3.18,3.86,4.4,7.05,6.32,3.8,7.91,1.94,2.82,2.35,2.43,1.92,6.77,5.2,5.43,5.83,5.72,5.79,6.61,2.04,6.82,7.14,2.02,4.05,1.68,2.09,4.55,5.41,6.31,2.49,1.45,6.82,2.33,4.44,3.8,6.54,6.37,6.15,4.5,5.64,2.11,6.84,2.35,2.65,5.19,5.04,6.21,6.99,3.37,3.55,2.17,4.48,1.91,7.6,3.43,7.84,4.98,6.18,4.88,6.06,1.96,4.44,5.76,6.88,7.97,2.18,7.1,7.52,4.43,6.98,7.15,2.27,6.68,3.26,5.87,4.66,2.48,7.14,2.45,6.16,6.62,5.46,6.58,5.84,1.66,3.7,2.33,6.57,7.67,6.71,2.66,1.98,7.75,6.61,4.54,6,5.22,5.71,5.72,2.27,2.75,2.86,6.46,2.59,1.98,8.37,6.76,6.53,7.31,7.25,6.61,2.07,2.55,2.2,7.24,7.03,5.27,3.43,2.77,3.78,5.46,4.97,6.92,4.73,1.77,1.61,7.47,6.38,6.75,4.49,5.19,7.28,5.43,3.31,6.04,5.06,5.93,7.1,2.02,6.11,1.81,1.77,2.98,5.84,5.93,4.69,5.97,8.55,7.36,7.43
1976,4.04,7.45,4.1,7.34,7.49,2.52,6.59,3.34,2.71,2.47,2.06,1.69,4.02,3.14,5.42,6.76,2.29,2.12,1.73,6.25,6.96,6.62,5.73,2.4,6.43,4.34,4.78,2.24,6.92,7.36,6.71,5.59,6.45,1.8,5.92,6.82,3.08,3.51,4.29,7.06,6.3,3.74,7.88,1.93,2.56,2.32,2.39,1.75,6.73,5.02,5.28,5.78,5.61,5.79,6.61,2.07,6.8,7.17,1.98,4.02,1.7,2.01,4.42,5.48,6.34,2.45,1.45,6.77,2.35,4.39,3.68,6.51,6.4,6.19,4.33,5.7,2.06,6.75,2.23,2.52,5.11,4.93,6.24,6.92,3.29,3.48,2.04,4.29,1.85,7.52,3.36,7.77,5,5.96,4.77,6.1,1.93,4.35,5.74,6.91,7.87,2.18,7.04,7.56,4.33,6.94,7.15,2.21,6.64,3.17,5.66,4.51,2.47,6.97,2.39,6.06,6.6,5.34,6.55,5.82,1.63,3.6,2.27,6.5,7.7,6.74,2.61,1.86,7.89,6.61,4.4,5.95,5.2,5.58,5.61,2.3,2.82,2.82,6.33,2.54,1.97,8.4,6.66,6.52,7.31,7.26,6.63,2.11,2.55,2.18,7.18,7.02,5.19,3,2.77,3.71,5.35,4.75,6.92,4.53,1.68,1.55,7.42,6.2,6.74,4.26,5.12,7.29,5.44,3.29,5.89,4.92,5.8,7.1,1.99,5.97,1.74,1.74,2.95,5.7,5.86,4.59,5.8,8.58,7.32,7.39
1977,3.94,7.45,3.97,7.23,7.48,2.36,6.53,3.36,2.64,2.45,2.01,1.63,3.87,3.06,5.29,6.68,2.2,2.08,1.71,6.2,6.98,6.61,5.67,2.32,6.39,4.27,4.58,2.21,6.98,7.38,6.65,5.56,6.49,1.78,5.91,6.86,2.98,3.2,4.18,7.06,6.26,3.69,7.83,1.91,2.33,2.31,2.34,1.66,6.69,4.84,5.13,5.73,5.49,5.8,6.62,2.06,6.78,7.2,1.91,3.99,1.68,1.94,4.3,5.54,6.37,2.41,1.4,6.72,2.27,4.34,3.56,6.48,6.43,6.25,4.17,5.78,2.03,6.65,2.15,2.31,5.03,4.81,6.29,6.83,3.24,3.41,1.93,4.12,1.8,7.46,3.28,7.7,5.03,5.77,4.66,6.14,1.89,4.26,5.71,6.93,7.74,2.14,6.98,7.59,4.25,6.94,7.15,2.14,6.6,3.07,5.45,4.37,2.46,6.78,2.34,5.97,6.57,5.23,6.51,5.8,1.58,3.43,2.23,6.41,7.74,6.76,2.56,1.75,8.02,6.6,4.26,5.9,5.19,5.44,5.51,2.23,2.69,2.77,6.2,2.57,1.95,8.43,6.55,6.5,7.3,7.27,6.64,1.82,2.49,2.17,7.1,7,5.12,2.99,2.65,3.63,5.22,4.54,6.91,4.33,1.64,1.53,7.36,6.03,6.73,4.03,5.09,7.29,5.47,3.27,5.73,4.79,5.65,7.1,1.94,5.84,1.69,1.79,2.91,5.55,5.79,4.49,5.61,8.61,7.28,7.31
1978,3.84,7.45,3.84,7.11,7.47,2.24,6.47,3.36,2.58,2.43,1.95,1.6,3.73,3.01,5.16,6.59,2.12,2.06,1.69,6.11,7,6.58,5.61,2.24,6.35,4.2,4.39,2.15,7.04,7.39,6.56,5.6,6.54,1.77,5.9,6.89,2.89,2.94,4.07,7.07,6.21,3.65,7.76,1.9,2.14,2.31,2.33,1.67,6.64,4.68,4.99,5.69,5.37,5.8,6.64,2.02,6.77,7.23,1.85,3.97,1.64,1.89,4.19,5.6,6.39,2.37,1.38,6.67,2.28,4.3,3.45,6.44,6.47,6.32,4.03,5.87,1.98,6.54,2.06,2.35,4.96,4.68,6.35,6.75,3.21,3.35,1.84,3.97,1.79,7.39,3.22,7.62,5.06,5.6,4.55,6.19,1.87,4.17,5.67,6.95,7.58,2.08,6.9,7.62,4.18,6.96,7.15,2.05,6.55,2.95,5.23,4.24,2.45,6.59,2.3,5.88,6.54,5.12,6.47,5.78,1.58,3.43,2.07,6.33,7.78,6.77,2.53,1.77,8.14,6.58,4.13,5.84,5.19,5.31,5.4,2.21,2.45,2.72,6.07,2.52,1.92,8.45,6.43,6.47,7.28,7.28,6.66,1.79,2.47,2.14,6.99,7,5.06,2.64,2.54,3.56,5.06,4.34,6.9,4.16,1.6,1.51,7.29,5.89,6.71,3.81,5.09,7.28,5.51,3.27,5.57,4.65,5.49,7.1,1.96,5.72,1.75,1.76,2.85,5.4,5.72,4.4,5.42,8.64,7.22,7.2
1979,3.77,7.45,3.73,6.96,7.46,2.16,6.41,3.34,2.54,2.41,1.91,1.6,3.61,2.99,5.04,6.48,2.06,2.05,1.69,5.99,7.02,6.55,5.54,2.18,6.29,4.12,4.22,2.16,7.09,7.39,6.47,5.71,6.58,1.75,5.9,6.93,2.81,2.75,3.97,7.08,6.14,3.62,7.68,1.9,1.99,2.33,2.27,1.6,6.6,4.53,4.86,5.65,5.24,5.82,6.65,2,6.75,7.27,1.8,3.94,1.64,1.87,4.08,5.65,6.39,2.34,1.38,6.61,2.26,4.27,3.34,6.4,6.5,6.4,3.92,5.97,1.99,6.43,2.01,2.49,4.89,4.56,6.42,6.66,3.21,3.3,1.73,3.84,1.77,7.33,3.02,7.54,5.07,5.45,4.45,6.23,1.87,4.07,5.63,6.96,7.41,2.05,6.81,7.64,4.12,7.01,7.15,2.1,6.5,2.82,5.02,4.13,2.46,6.4,2.27,5.79,6.5,5.01,6.43,5.76,1.56,3.43,2.12,6.23,7.81,6.78,2.51,1.75,8.23,6.56,4,5.77,5.18,5.17,5.29,2.28,2.31,2.66,5.94,2.49,1.9,8.46,6.32,6.43,7.25,7.29,6.68,1.79,2.45,2.11,6.87,7,5.02,2.9,2.37,3.49,4.89,4.15,6.87,4.02,1.66,1.52,7.2,5.77,6.69,3.59,5.14,7.25,5.54,3.28,5.41,4.53,5.33,7.1,1.96,5.6,1.86,1.81,2.79,5.25,5.65,4.3,5.23,8.67,7.16,7.05
1980,3.71,7.45,3.62,6.79,7.46,2.12,6.34,3.3,2.51,2.39,1.89,1.65,3.5,2.99,4.92,6.36,2,2.03,1.68,5.85,7.03,6.51,5.47,2.12,6.21,4.04,4.07,2.05,7.13,7.4,6.38,5.87,6.63,1.74,5.9,6.96,2.74,2.61,3.86,7.08,6.06,3.58,7.59,1.89,1.9,2.35,2.08,1.55,6.55,4.38,4.73,5.61,5.1,5.84,6.67,2.02,6.72,7.32,1.77,3.91,1.63,1.85,3.99,5.68,6.38,2.31,1.44,6.54,2.23,4.25,3.25,6.34,6.53,6.49,3.82,6.06,1.98,6.31,1.91,2.48,4.83,4.43,6.48,6.57,3.21,3.24,1.64,3.73,1.75,7.26,2.9,7.46,5.07,5.32,4.37,6.28,1.86,3.98,5.58,6.97,7.22,1.99,6.73,7.64,4.07,7.08,7.15,1.99,6.44,2.67,4.82,4.05,2.48,6.21,2.24,5.69,6.47,4.89,6.37,5.73,1.6,3.42,2.03,6.14,7.84,6.78,2.49,1.72,8.3,6.53,3.88,5.69,5.17,5.04,5.18,2.28,2.25,2.61,5.81,2.43,1.89,8.46,6.2,6.39,7.21,7.29,6.69,1.82,2.32,2.06,6.75,7.01,4.98,2.82,2.22,3.41,4.7,3.99,6.85,3.9,1.68,1.55,7.09,5.69,6.65,3.39,5.22,7.22,5.55,3.28,5.24,4.41,5.17,7.1,1.95,5.51,1.9,1.84,2.73,5.11,5.58,4.2,5.05,8.71,7.09,6.87
1981,3.66,7.45,3.53,6.62,7.46,2.1,6.26,3.25,2.5,2.38,1.94,1.67,3.41,2.99,4.8,6.22,1.96,2.02,1.66,5.68,7.03,6.46,5.41,2.08,6.12,3.94,3.94,2,7.15,7.4,6.27,6.04,6.66,1.7,5.9,6.99,2.69,2.55,3.74,7.07,5.96,3.55,7.49,1.88,1.85,2.39,2,1.44,6.51,4.25,4.61,5.57,4.96,5.86,6.68,2.07,6.66,7.36,1.73,3.86,1.64,1.85,3.92,5.71,6.35,2.3,1.43,6.47,2.09,4.24,3.18,6.27,6.56,6.57,3.73,6.12,1.94,6.19,1.88,2.33,4.77,4.3,6.52,6.49,3.05,3.19,1.58,3.64,1.74,7.18,2.95,7.37,5.05,5.18,4.3,6.32,1.88,3.89,5.52,6.97,7.02,1.98,6.64,7.64,4.02,7.15,7.15,1.87,6.39,2.53,4.64,3.97,2.51,6.03,2.22,5.57,6.45,4.77,6.31,5.69,1.56,3.64,2.01,6.03,7.87,6.78,2.47,1.7,8.34,6.5,3.78,5.61,5.16,4.92,5.08,2.24,2.13,2.55,5.66,2.36,1.91,8.44,6.09,6.33,7.14,7.28,6.7,1.78,2.29,2.02,6.63,7.03,4.95,2.57,2.04,3.32,4.51,3.83,6.83,3.8,1.63,1.55,6.98,5.64,6.62,3.2,5.31,7.16,5.53,3.28,5.08,4.28,5.02,7.1,1.93,5.42,1.82,1.81,2.67,4.98,5.5,4.1,4.87,8.75,7.02,6.66
1982,3.63,7.45,3.45,6.43,7.46,2.1,6.17,3.2,2.5,2.36,1.93,1.66,3.34,2.99,4.69,6.06,1.92,2.05,1.61,5.51,7.02,6.4,5.35,2.03,5.99,3.84,3.84,2.01,7.17,7.4,6.17,6.19,6.69,1.69,5.9,7.02,2.65,2.54,3.63,7.06,5.86,3.52,7.38,1.9,1.83,2.42,2,1.43,6.47,4.12,4.5,5.52,4.82,5.88,6.69,2.07,6.57,7.4,1.7,3.81,1.71,1.86,3.86,5.72,6.32,2.28,1.41,6.39,2.03,4.24,3.13,6.19,6.58,6.64,3.64,6.15,1.92,6.06,1.8,2.27,4.7,4.17,6.52,6.41,2.94,3.13,1.56,3.56,1.77,7.07,3,7.27,5.02,5.02,4.24,6.35,1.97,3.8,5.45,6.96,6.83,1.97,6.55,7.62,3.97,7.2,7.15,1.9,6.34,2.41,4.46,3.93,2.55,5.86,2.21,5.44,6.42,4.64,6.23,5.65,1.5,3.42,1.95,5.9,7.88,6.77,2.45,1.71,8.35,6.47,3.68,5.52,5.13,4.8,4.98,2.34,2.07,2.49,5.5,2.17,2.04,8.41,5.97,6.28,7.05,7.25,6.72,1.74,2.28,1.93,6.53,7.05,4.91,2.39,1.94,3.22,4.33,3.69,6.81,3.72,1.62,1.56,6.84,5.61,6.58,3.02,5.38,7.09,5.48,3.26,4.92,4.16,4.9,7.1,1.98,5.35,1.78,1.83,2.62,4.87,5.43,4.01,4.69,8.79,6.95,6.45
1983,3.59,7.45,3.38,6.24,7.46,2.1,6.08,3.16,2.52,2.35,1.92,1.56,3.29,2.96,4.58,5.88,1.89,2.11,1.57,5.34,7.01,6.34,5.29,2,5.83,3.72,3.75,2.01,7.17,7.41,6.07,6.3,6.7,1.68,5.91,7.06,2.62,2.56,3.53,7.03,5.75,3.5,7.28,1.88,1.83,2.44,1.97,1.38,6.43,4.01,4.4,5.46,4.68,5.9,6.7,2.16,6.43,7.42,1.64,3.76,1.74,1.86,3.81,5.72,6.29,2.28,1.33,6.31,1.94,4.25,3.1,6.09,6.6,6.69,3.55,6.15,1.88,5.93,1.75,2.24,4.64,4.03,6.48,6.34,2.74,3.11,1.51,3.48,1.8,6.94,3.04,7.16,4.99,4.83,4.2,6.36,2.07,3.73,5.38,6.95,6.63,2.1,6.48,7.59,3.93,7.22,7.15,1.92,6.28,2.33,4.3,3.89,2.59,5.7,2.19,5.29,6.4,4.5,6.14,5.6,1.47,3.33,1.92,5.76,7.89,6.75,2.43,1.66,8.34,6.44,3.58,5.42,5.09,4.68,4.88,2.42,1.95,2.44,5.32,2.06,2.11,8.36,5.85,6.22,6.93,7.19,6.72,1.61,2.28,1.81,6.43,7.08,4.86,2.06,1.8,3.12,4.16,3.56,6.81,3.64,1.61,1.52,6.7,5.6,6.54,2.86,5.44,7.01,5.39,3.22,4.75,4.02,4.79,7.1,2.08,5.28,1.77,1.8,2.57,4.76,5.36,3.93,4.52,8.83,6.88,6.24
1984,3.56,7.46,3.32,6.04,7.46,2.1,5.98,3.12,2.54,2.34,1.84,1.52,3.26,2.92,4.47,5.7,1.86,2.11,1.54,5.17,6.99,6.26,5.24,1.96,5.65,3.6,3.68,2.01,7.16,7.42,5.97,6.34,6.71,1.65,5.91,7.09,2.6,2.61,3.43,6.98,5.64,3.48,7.18,1.87,1.84,2.45,1.97,1.4,6.38,3.9,4.29,5.38,4.55,5.93,6.69,2.17,6.27,7.44,1.6,3.69,1.69,1.86,3.77,5.71,6.26,2.28,1.29,6.22,1.83,4.24,3.09,5.98,6.62,6.73,3.45,6.11,1.86,5.8,1.75,2.08,4.56,3.89,6.39,6.28,2.58,3.08,1.46,3.39,1.81,6.77,3.08,7.04,4.95,4.61,4.16,6.37,2.09,3.67,5.3,6.92,6.44,2.07,6.41,7.55,3.87,7.19,7.15,1.95,6.23,2.16,4.16,3.85,2.62,5.53,2.18,5.12,6.38,4.35,6.03,5.55,1.49,3.17,1.93,5.61,7.88,6.73,2.4,1.66,8.3,6.42,3.49,5.31,5.04,4.57,4.8,2.37,1.9,2.39,5.13,2.26,2.06,8.28,5.73,6.16,6.8,7.11,6.73,1.62,2.26,1.74,6.35,7.11,4.79,1.74,1.73,3.01,4.01,3.44,6.81,3.57,1.66,1.53,6.53,5.59,6.5,2.71,5.47,6.92,5.27,3.15,4.59,3.88,4.71,7.1,2.09,5.22,1.77,1.81,2.55,4.67,5.28,3.86,4.36,8.85,6.81,6.03
1985,3.54,7.46,3.27,5.84,7.45,2.09,5.87,3.1,2.56,2.33,1.92,1.47,2.91,2.86,4.36,5.5,1.83,2.09,1.51,5.02,6.97,6.18,5.19,1.93,5.45,3.47,3.61,1.97,7.14,7.43,5.88,6.31,6.7,1.67,5.92,7.12,2.59,2.65,3.34,6.92,5.54,3.46,7.08,1.82,1.84,2.46,1.95,1.45,6.33,3.8,4.2,5.29,4.43,5.95,6.68,2.13,6.07,7.44,1.59,3.63,1.64,1.86,3.74,5.69,6.23,2.27,1.37,6.13,1.67,4.23,3.1,5.87,6.63,6.74,3.35,6.03,1.86,5.67,1.85,1.93,4.48,3.75,6.24,6.22,2.48,3.06,1.42,3.31,1.76,6.58,3.08,6.91,4.91,4.36,4.13,6.36,2.08,3.61,5.22,6.88,6.24,2.08,6.35,7.48,3.82,7.11,7.15,1.95,6.18,2.02,4.03,3.81,2.64,5.35,2.16,4.93,6.35,4.19,5.9,5.49,1.51,3,1.93,5.45,7.87,6.7,2.37,1.68,8.22,6.39,3.41,5.21,4.97,4.46,4.71,2.33,1.72,2.34,4.93,2.31,2.05,8.18,5.62,6.1,6.65,7.01,6.73,1.61,2.26,1.71,6.28,7.15,4.71,1.66,1.64,2.9,3.89,3.33,6.81,3.51,1.74,1.52,6.36,5.57,6.47,2.57,5.47,6.81,5.13,3.06,4.43,3.74,4.65,7.1,2.06,5.14,1.79,1.84,2.53,4.59,5.21,3.79,4.21,8.86,6.75,5.84
1986,3.5,7.46,3.22,5.63,7.44,2.08,5.74,3.08,2.58,2.32,1.87,1.45,2.9,2.79,4.25,5.3,1.81,2.09,1.54,4.89,6.94,6.08,5.14,1.9,5.25,3.34,3.55,2.02,7.12,7.44,5.78,6.23,6.67,1.68,5.91,7.16,2.59,2.67,3.27,6.84,5.44,3.44,6.98,1.76,1.84,2.46,1.92,1.48,6.28,3.7,4.1,5.18,4.32,5.96,6.66,2.18,5.86,7.42,1.58,3.57,1.6,1.85,3.7,5.65,6.2,2.27,1.43,6.03,1.6,4.2,3.1,5.76,6.64,6.73,3.26,5.92,1.83,5.55,1.84,1.92,4.4,3.61,6.02,6.16,2.44,3.03,1.35,3.22,1.72,6.38,3.14,6.76,4.87,4.07,4.1,6.34,2.12,3.56,5.13,6.82,6.02,2.12,6.31,7.4,3.76,6.97,7.15,1.93,6.13,1.99,3.9,3.76,2.65,5.14,2.14,4.74,6.33,4.03,5.77,5.43,1.55,3.17,1.96,5.28,7.85,6.66,2.34,1.71,8.1,6.35,3.34,5.11,4.9,4.35,4.63,2.22,1.66,2.31,4.72,2.39,2.15,8.04,5.51,6.05,6.5,6.9,6.73,1.43,2.2,1.67,6.21,7.19,4.59,1.58,1.56,2.8,3.78,3.23,6.82,3.45,1.8,1.53,6.17,5.54,6.42,2.45,5.46,6.69,4.99,2.95,4.25,3.6,4.6,7.1,2.08,5.05,1.78,1.84,2.52,4.51,5.14,3.73,4.06,8.86,6.69,5.64
1987,3.46,7.46,3.16,5.41,7.41,2.07,5.61,3.06,2.59,2.31,1.85,1.43,2.9,2.73,4.12,5.09,1.78,2.03,1.54,4.77,6.9,5.96,5.09,1.87,5.04,3.22,3.49,1.96,7.09,7.45,5.7,6.1,6.63,1.68,5.9,7.2,2.59,2.64,3.21,6.75,5.35,3.41,6.89,1.64,1.82,2.45,1.91,1.5,6.23,3.62,4.01,5.05,4.22,5.97,6.63,2.27,5.65,7.39,1.56,3.51,1.59,1.83,3.65,5.61,6.17,2.26,1.43,5.93,1.5,4.15,3.1,5.66,6.64,6.72,3.19,5.8,1.83,5.43,1.82,2.06,4.31,3.47,5.75,6.11,2.32,3.01,1.33,3.14,1.69,6.16,3.19,6.6,4.83,3.78,4.07,6.31,2.15,3.52,5.03,6.75,5.79,2.11,6.27,7.29,3.7,6.78,7.16,1.97,6.07,2.05,3.79,3.69,2.63,4.91,2.12,4.55,6.31,3.87,5.63,5.37,1.56,3.25,2.03,5.1,7.82,6.63,2.3,1.74,7.93,6.32,3.26,5.02,4.82,4.25,4.55,2.15,1.62,2.28,4.52,2.38,2.22,7.86,5.4,5.99,6.34,6.79,6.73,1.62,2.14,1.65,6.14,7.24,4.46,1.53,1.49,2.7,3.68,3.14,6.82,3.39,1.84,1.52,5.96,5.5,6.38,2.35,5.44,6.57,4.86,2.83,4.07,3.46,4.56,7.1,2.05,4.93,1.81,1.87,2.52,4.5,5.08,3.67,3.93,8.83,6.62,5.45
1988,3.4,7.46,3.11,5.19,7.37,2.07,5.47,3.04,2.59,2.29,1.83,1.45,2.8,2.68,4,4.89,1.77,2.03,1.57,4.67,6.86,5.82,5.03,1.84,4.84,3.1,3.43,1.97,7.06,7.44,5.6,5.94,6.57,1.68,5.88,7.24,2.59,2.58,3.16,6.64,5.26,3.37,6.8,1.79,1.8,2.44,1.94,1.56,6.19,3.54,3.92,4.91,4.13,5.98,6.6,2.27,5.45,7.35,1.56,3.47,1.69,1.81,3.58,5.56,6.14,2.24,1.46,5.82,1.5,4.07,3.08,5.57,6.63,6.69,3.13,5.67,1.85,5.32,1.81,2.26,4.22,3.35,5.43,6.04,2.17,2.95,1.36,3.07,1.66,5.94,3.13,6.43,4.78,3.48,4.02,6.27,2.11,3.48,4.93,6.67,5.53,2.02,6.24,7.16,3.65,6.56,7.16,2.06,6.01,2.14,3.68,3.61,2.58,4.64,2.1,4.37,6.28,3.71,5.49,5.31,1.55,3.1,2.1,4.93,7.8,6.58,2.27,1.84,7.72,6.28,3.19,4.93,4.73,4.14,4.48,2.13,1.61,2.26,4.33,2.3,2.12,7.66,5.3,5.94,6.19,6.67,6.73,1.96,2.13,1.63,6.06,7.29,4.31,1.55,1.45,2.62,3.59,3.07,6.81,3.35,1.96,1.57,5.75,5.43,6.33,2.26,5.44,6.44,4.76,2.7,3.88,3.33,4.5,7.1,2.02,4.8,1.82,1.93,2.53,4.28,5.02,3.6,3.8,8.79,6.56,5.25
1989,3.32,7.46,3.05,4.96,7.33,2.06,5.32,3.02,2.58,2.27,1.84,1.45,2.8,2.66,3.87,4.69,1.75,2.03,1.58,4.58,6.81,5.66,4.96,1.8,4.65,3,3.36,1.9,7.04,7.43,5.5,5.78,6.51,1.77,5.85,7.28,2.59,2.46,3.12,6.53,5.19,3.32,6.71,1.63,1.76,2.43,1.87,1.62,6.14,3.48,3.83,4.75,4.04,5.99,6.55,2.22,5.27,7.3,1.53,3.43,1.71,1.79,3.5,5.51,6.12,2.22,1.42,5.71,1.4,3.97,3.05,5.5,6.62,6.66,3.09,5.55,1.84,5.22,1.82,2.19,4.13,3.23,5.07,5.97,2.08,2.89,1.33,3,1.57,5.73,2.82,6.24,4.74,3.21,3.88,6.22,2.05,3.43,4.83,6.59,5.26,1.98,6.21,7.02,3.6,6.3,7.16,2.1,5.95,2.23,3.57,3.51,2.51,4.36,2.09,4.21,6.25,3.57,5.35,5.24,1.55,2.97,2.12,4.76,7.79,6.54,2.24,1.89,7.46,6.23,3.12,4.86,4.64,4.03,4.4,2.08,1.57,2.24,4.16,2.22,2.01,7.43,5.21,5.88,6.05,6.56,6.73,1.75,2.07,1.52,5.96,7.34,4.14,1.56,1.4,2.54,3.5,3.01,6.79,3.3,2.01,1.56,5.53,5.34,6.27,2.18,5.45,6.31,4.69,2.57,3.68,3.21,4.44,7.1,1.94,4.64,1.79,2.01,2.53,4.18,4.97,3.52,3.68,8.71,6.5,5.06
1990,3.25,7.47,2.98,4.73,7.27,2.07,5.19,3,2.54,2.25,1.9,1.46,2.74,2.64,3.73,4.5,1.74,1.91,1.62,4.51,6.74,5.49,4.89,1.77,4.49,2.9,3.29,1.82,7.01,7.41,5.39,5.6,6.44,1.83,5.81,7.31,2.58,2.31,3.08,6.41,5.12,3.26,6.62,1.63,1.71,2.41,1.9,1.67,6.07,3.41,3.74,4.58,3.96,5.99,6.5,2.05,5.11,7.25,1.53,3.4,1.78,1.77,3.4,5.44,6.1,2.18,1.45,5.6,1.39,3.84,3.01,5.44,6.6,6.63,3.07,5.43,1.85,5.12,1.87,2.3,4.05,3.12,4.69,5.88,2.11,2.82,1.33,2.95,1.54,5.52,2.72,6.07,4.69,2.97,3.63,6.15,2.02,3.37,4.72,6.5,4.97,2.03,6.18,6.87,3.55,6,7.17,2.02,5.88,2.32,3.47,3.4,2.41,4.05,2.08,4.05,6.21,3.45,5.22,5.17,1.62,3.18,2.18,4.6,7.77,6.49,2.21,1.93,7.17,6.16,3.06,4.8,4.55,3.91,4.32,2.06,1.56,2.22,4.01,1.83,1.89,7.18,5.12,5.83,5.91,6.45,6.72,1.83,2.09,1.46,5.85,7.4,3.96,1.57,1.36,2.48,3.4,2.96,6.76,3.27,2.13,1.58,5.31,5.23,6.21,2.11,5.48,6.19,4.64,2.45,3.48,3.11,4.34,7.09,1.85,4.45,1.83,2.08,2.52,4.07,4.93,3.45,3.55,8.61,6.44,4.86
1991,3.16,7.48,2.91,4.48,7.21,2.08,5.04,2.97,2.48,2.22,1.85,1.51,2.87,2.63,3.6,4.32,1.73,1.81,1.66,4.44,6.68,5.31,4.81,1.75,4.33,2.82,3.21,1.66,6.98,7.37,5.26,5.42,6.35,1.72,5.77,7.35,2.56,2.14,3.05,6.29,5.06,3.19,6.54,1.53,1.67,2.38,1.86,1.68,5.99,3.35,3.67,4.41,3.89,5.99,6.42,1.8,4.96,7.19,1.49,3.37,1.79,1.75,3.29,5.37,6.08,2.13,1.33,5.5,1.37,3.7,2.97,5.38,6.57,6.58,3.06,5.32,1.82,5.04,1.87,2.18,3.96,3.02,4.3,5.79,2.08,2.76,1.3,2.9,1.53,5.33,2.61,5.9,4.64,2.79,3.58,6.05,1.86,3.31,4.61,6.42,4.67,2.01,6.15,6.73,3.51,5.68,7.16,1.99,5.82,2.3,3.37,3.28,2.31,3.75,2.06,3.9,6.17,3.34,5.09,5.1,1.61,3.15,2.16,4.43,7.76,6.44,2.17,1.92,6.83,6.09,3,4.76,4.46,3.79,4.25,2.07,1.56,2.2,3.89,1.59,1.73,6.94,5.03,5.77,5.76,6.35,6.71,1.73,2.05,1.42,5.73,7.46,3.78,1.71,1.33,2.43,3.3,2.91,6.73,3.23,2.11,1.58,5.11,5.1,6.15,2.06,5.52,6.07,4.61,2.34,3.28,3.02,4.22,7.08,1.78,4.25,1.82,2.06,2.51,4.2,4.88,3.37,3.42,8.46,6.38,4.68
1992,3.07,7.5,2.83,4.22,7.14,2.09,4.9,2.93,2.4,2.19,1.89,1.51,2.74,2.62,3.47,4.15,1.73,1.76,1.65,4.36,6.6,5.11,4.73,1.73,4.18,2.75,3.11,1.55,6.95,7.33,5.1,5.24,6.26,1.71,5.73,7.38,2.53,1.98,3.01,6.17,5.02,3.11,6.45,1.48,1.63,2.34,1.71,1.76,5.87,3.29,3.59,4.25,3.82,5.98,6.33,1.71,4.83,7.14,1.47,3.35,1.85,1.74,3.18,5.29,6.06,2.08,1.29,5.4,1.36,3.55,2.93,5.32,6.54,6.53,3.07,5.21,1.8,4.96,1.77,2.21,3.88,2.93,3.92,5.7,1.99,2.7,1.3,2.86,1.5,5.14,2.5,5.76,4.58,2.68,3.52,5.93,1.73,3.23,4.51,6.34,4.38,1.97,6.12,6.6,3.47,5.33,7.15,2.07,5.76,2.37,3.27,3.17,2.2,3.45,2.05,3.75,6.12,3.24,4.96,5.02,1.59,2.99,2.12,4.27,7.75,6.4,2.13,1.88,6.47,6.01,2.95,4.72,4.37,3.67,4.18,1.95,1.54,2.18,3.8,1.51,1.55,6.71,4.96,5.7,5.59,6.25,6.7,1.72,1.93,1.33,5.6,7.51,3.61,1.76,1.31,2.39,3.2,2.86,6.69,3.2,2.09,1.58,4.92,4.97,6.08,2,5.56,5.96,4.58,2.23,3.09,2.94,4.07,7.07,1.67,4.04,1.79,2.05,2.49,4,4.84,3.29,3.26,8.27,6.33,4.5
1993,2.99,7.54,2.75,3.96,7.07,2.11,4.75,2.88,2.3,2.15,1.86,1.5,2.7,2.6,3.35,3.99,1.73,1.62,1.61,4.29,6.53,4.91,4.64,1.72,4.04,2.69,3.01,1.46,6.92,7.28,4.92,5.05,6.17,1.68,5.69,7.4,2.48,1.84,2.97,6.05,4.98,3.03,6.37,1.52,1.6,2.28,1.67,1.75,5.72,3.23,3.52,4.1,3.74,5.98,6.22,1.49,4.69,7.09,1.44,3.33,1.81,1.73,3.06,5.21,6.04,2.01,1.28,5.32,1.32,3.4,2.9,5.25,6.49,6.46,3.07,5.1,1.76,4.89,1.68,2.22,3.8,2.84,3.56,5.61,1.9,2.8,1.25,2.83,1.46,4.96,2.3,5.63,4.51,2.64,3.2,5.77,1.51,3.14,4.4,6.27,4.11,1.74,6.08,6.48,3.42,4.97,7.12,1.96,5.7,2.21,3.18,3.06,2.09,3.18,2.03,3.6,6.07,3.16,4.83,4.93,1.57,2.86,2.05,4.1,7.74,6.35,2.09,1.86,6.1,5.91,2.91,4.7,4.28,3.55,4.11,1.87,1.52,2.15,3.71,1.43,1.39,6.51,4.88,5.64,5.41,6.15,6.67,1.74,1.87,1.33,5.46,7.57,3.44,1.65,1.26,2.35,3.1,2.81,6.64,3.16,1.99,1.51,4.76,4.83,6.01,1.96,5.6,5.86,4.55,2.13,2.91,2.87,3.9,7.06,1.56,3.83,1.76,2.02,2.47,3.8,4.8,3.22,3.09,8.05,6.28,4.35
1994,2.92,7.57,2.67,3.7,6.99,2.13,4.6,2.83,2.18,2.11,1.84,1.47,2.52,2.57,3.24,3.85,1.73,1.53,1.56,4.2,6.45,4.7,4.55,1.71,3.9,2.64,2.9,1.37,6.88,7.24,4.72,4.87,6.07,1.69,5.65,7.42,2.43,1.73,2.92,5.94,4.95,2.94,6.3,1.47,1.58,2.21,1.44,1.81,5.55,3.16,3.46,3.97,3.66,5.98,6.1,1.42,4.56,7.04,1.4,3.31,1.85,1.73,2.95,5.11,6.02,1.95,1.24,5.24,1.33,3.25,2.88,5.17,6.44,6.38,3.07,4.99,1.74,4.83,1.64,2.14,3.72,2.76,3.23,5.51,1.85,2.9,1.21,2.8,1.5,4.79,2.28,5.54,4.45,2.66,2.9,5.59,1.39,3.04,4.29,6.21,3.86,1.57,6.03,6.38,3.37,4.6,7.09,1.84,5.66,2.25,3.1,2.97,1.99,2.94,2,3.45,6.02,3.1,4.7,4.84,1.57,2.7,2,3.94,7.73,6.3,2.03,1.87,5.72,5.81,2.88,4.68,4.2,3.43,4.06,1.81,1.45,2.12,3.65,1.4,1.4,6.32,4.82,5.56,5.2,6.05,6.65,1.71,1.67,1.32,5.33,7.62,3.28,1.66,1.19,2.32,3,2.76,6.6,3.12,1.88,1.49,4.62,4.71,5.95,1.91,5.64,5.77,4.5,2.04,2.75,2.81,3.71,7.04,1.47,3.62,1.74,2,2.44,3.54,4.75,3.15,2.9,7.8,6.23,4.21
1995,2.86,7.61,2.59,3.45,6.92,2.15,4.44,2.77,2.06,2.06,1.82,1.42,2.29,2.52,3.15,3.71,1.73,1.41,1.56,4.11,6.36,4.5,4.47,1.71,3.77,2.59,2.79,1.23,6.84,7.19,4.51,4.69,5.98,1.67,5.62,7.43,2.37,1.66,2.86,5.84,4.93,2.85,6.23,1.58,1.58,2.12,1.28,1.8,5.35,3.1,3.4,3.84,3.58,5.97,5.97,1.38,4.43,6.99,1.38,3.28,1.81,1.74,2.84,5.02,6,1.88,1.25,5.17,1.28,3.12,2.87,5.09,6.39,6.29,3.07,4.88,1.71,4.76,1.57,2.08,3.65,2.69,2.94,5.42,1.84,2.9,1.19,2.77,1.42,4.63,2.26,5.46,4.37,2.72,3.1,5.39,1.25,2.94,4.19,6.16,3.64,1.55,5.98,6.31,3.31,4.24,7.06,1.77,5.61,2.14,3.02,2.9,1.9,2.74,1.98,3.3,5.97,3.04,4.57,4.73,1.53,2.59,1.99,3.78,7.73,6.26,1.98,1.87,5.35,5.69,2.85,4.67,4.11,3.32,4.01,1.62,1.41,2.09,3.59,1.33,1.34,6.17,4.75,5.49,4.98,5.95,6.61,1.67,1.52,1.29,5.2,7.65,3.14,1.63,1.16,2.29,2.89,2.7,6.55,3.07,1.73,1.48,4.5,4.58,5.88,1.87,5.68,5.7,4.45,1.96,2.61,2.76,3.51,7.02,1.4,3.42,1.71,1.98,2.4,3.6,4.71,3.08,2.71,7.53,6.19,4.09
1996,2.82,7.63,2.51,3.21,6.85,2.17,4.3,2.72,1.94,2.02,1.8,1.45,2.06,2.44,3.06,3.59,1.73,1.34,1.59,4.01,6.28,4.3,4.38,1.69,3.65,2.54,2.68,1.23,6.8,7.14,4.29,4.5,5.89,1.63,5.59,7.43,2.31,1.62,2.8,5.74,4.91,2.76,6.15,1.67,1.59,2.04,1.18,1.75,5.15,3.04,3.35,3.73,3.48,5.96,5.83,1.37,4.31,6.93,1.4,3.24,1.78,1.75,2.75,4.92,5.98,1.81,1.3,5.1,1.26,2.99,2.87,4.99,6.33,6.2,3.07,4.78,1.7,4.68,1.46,2.12,3.58,2.63,2.7,5.33,1.88,2.9,1.2,2.74,1.43,4.49,2.13,5.4,4.3,2.8,2.8,5.17,1.16,2.83,4.09,6.11,3.44,1.49,5.91,6.25,3.24,3.89,7.02,1.99,5.57,2.12,2.95,2.84,1.81,2.57,1.95,3.16,5.92,3,4.44,4.61,1.53,2.65,1.96,3.62,7.72,6.22,1.92,1.89,4.98,5.57,2.83,4.65,4.01,3.2,3.96,1.59,1.44,1.94,3.53,1.3,1.27,6.05,4.69,5.41,4.75,5.84,6.56,1.66,1.47,1.28,5.08,7.68,3.02,1.57,1.14,2.27,2.77,2.64,6.5,3.03,1.6,1.5,4.4,4.46,5.83,1.82,5.75,5.63,4.39,1.9,2.49,2.71,3.32,6.99,1.34,3.23,1.73,1.98,2.36,3.32,4.66,3.02,2.53,7.25,6.15,3.99
1997,2.78,7.63,2.42,2.99,6.79,2.19,4.17,2.67,1.83,1.98,1.78,1.39,2.07,2.36,2.99,3.48,1.74,1.25,1.6,3.91,6.2,4.1,4.3,1.66,3.55,2.48,2.58,1.09,6.75,7.08,4.07,4.33,5.8,1.57,5.56,7.42,2.24,1.61,2.74,5.64,4.9,2.66,6.08,1.69,1.59,1.95,1.17,1.75,4.96,2.98,3.29,3.63,3.38,5.94,5.69,1.32,4.2,6.86,1.42,3.21,1.75,1.77,2.66,4.82,5.96,1.75,1.35,5.04,1.27,2.87,2.87,4.9,6.27,6.11,3.06,4.67,1.69,4.59,1.37,2.04,3.51,2.58,2.49,5.23,1.93,2.94,1.22,2.7,1.39,4.37,2,5.35,4.24,2.86,2.6,4.94,1.11,2.71,4.01,6.06,3.27,1.47,5.84,6.21,3.15,3.56,6.98,1.93,5.53,2.04,2.88,2.79,1.72,2.43,1.93,3.04,5.89,2.96,4.3,4.46,1.56,2.67,1.96,3.47,7.71,6.19,1.86,1.86,4.63,5.44,2.81,4.63,3.91,3.1,3.92,1.51,1.47,1.9,3.47,1.32,1.22,5.94,4.64,5.35,4.53,5.74,6.51,1.61,1.43,1.25,4.97,7.69,2.92,1.54,1.15,2.25,2.64,2.58,6.44,2.99,1.52,1.48,4.31,4.33,5.78,1.78,5.83,5.57,4.34,1.84,2.38,2.66,3.15,6.97,1.27,3.06,1.72,1.97,2.33,3.08,4.62,2.97,2.36,6.99,6.12,3.91
1998,2.75,7.61,2.33,2.8,6.73,2.2,4.05,2.62,1.75,1.94,1.76,1.37,2,2.26,2.92,3.37,1.75,1.3,1.6,3.81,6.12,3.9,4.21,1.62,3.45,2.43,2.49,1.11,6.7,7.03,3.88,4.15,5.72,1.56,5.54,7.41,2.17,1.6,2.68,5.55,4.89,2.56,6.01,1.45,1.6,1.86,1.16,1.72,4.78,2.93,3.23,3.53,3.26,5.91,5.55,1.28,4.09,6.77,1.42,3.17,1.7,1.78,2.59,4.72,5.94,1.69,1.36,4.97,1.24,2.76,2.86,4.8,6.21,6.01,3.05,4.56,1.68,4.48,1.32,2.05,3.45,2.54,2.32,5.13,1.94,2.98,1.22,2.67,1.38,4.26,1.8,5.3,4.17,2.9,2.7,4.72,1.09,2.61,3.93,6,3.11,1.46,5.75,6.17,3.04,3.26,6.95,1.84,5.5,1.97,2.82,2.75,1.62,2.31,1.91,2.93,5.86,2.93,4.16,4.31,1.63,2.54,1.89,3.34,7.7,6.16,1.81,1.81,4.3,5.31,2.79,4.6,3.8,3,3.89,1.44,1.47,1.9,3.41,1.32,1.23,5.84,4.59,5.28,4.33,5.64,6.46,1.48,1.37,1.23,4.87,7.69,2.83,1.46,1.13,2.24,2.5,2.51,6.38,2.96,1.5,1.47,4.23,4.21,5.74,1.74,5.92,5.52,4.3,1.8,2.29,2.61,3.01,6.94,1.21,2.91,1.71,2,2.3,2.82,4.57,2.92,2.21,6.74,6.09,3.84
1999,2.72,7.56,2.25,2.64,6.68,2.2,3.94,2.58,1.69,1.9,1.76,1.34,2.07,2.17,2.86,3.27,1.76,1.31,1.62,3.7,6.04,3.7,4.13,1.56,3.37,2.37,2.41,1.23,6.65,6.98,3.7,3.97,5.65,1.54,5.52,7.38,2.11,1.6,2.63,5.47,4.88,2.46,5.94,1.38,1.6,1.78,1.13,1.73,4.62,2.88,3.17,3.43,3.14,5.88,5.43,1.3,4,6.66,1.43,3.13,1.73,1.81,2.52,4.62,5.91,1.64,1.36,4.9,1.23,2.67,2.85,4.7,6.15,5.91,3.04,4.45,1.67,4.37,1.28,1.99,3.38,2.52,2.18,5.04,1.9,2.97,1.23,2.62,1.34,4.18,1.8,5.24,4.11,2.89,2.6,4.51,1.16,2.5,3.86,5.94,2.97,1.46,5.65,6.13,2.91,2.99,6.92,1.73,5.46,2.05,2.77,2.71,1.53,2.21,1.89,2.84,5.84,2.91,4.01,4.14,1.65,2.48,1.97,3.22,7.69,6.13,1.77,1.85,3.99,5.17,2.77,4.57,3.68,2.92,3.85,1.37,1.5,2,3.33,1.3,1.16,5.74,4.54,5.23,4.14,5.54,6.39,1.47,1.33,1.21,4.79,7.66,2.75,1.43,1.17,2.24,2.35,2.44,6.3,2.92,1.5,1.48,4.15,4.08,5.71,1.71,6.02,5.47,4.27,1.77,2.21,2.56,2.9,6.9,1.13,2.77,1.68,2.01,2.27,2.72,4.53,2.87,2.1,6.51,6.07,3.79
2000,2.7,7.49,2.16,2.51,6.64,2.2,3.85,2.54,1.65,1.87,1.76,1.36,2,2.07,2.8,3.17,1.78,1.32,1.67,3.6,5.96,3.52,4.05,1.5,3.3,2.3,2.35,1.26,6.59,6.92,3.54,3.81,5.58,1.51,5.5,7.35,2.06,1.6,2.57,5.38,4.87,2.36,5.87,1.39,1.6,1.72,1.15,1.77,4.48,2.84,3.1,3.34,3.02,5.83,5.32,1.36,3.92,6.54,1.47,3.09,1.73,1.89,2.46,4.53,5.88,1.61,1.38,4.83,1.25,2.58,2.82,4.6,6.08,5.82,3.02,4.34,1.7,4.24,1.32,2.08,3.31,2.51,2.07,4.94,1.89,2.95,1.26,2.58,1.36,4.11,1.8,5.18,4.06,2.85,2.4,4.31,1.25,2.41,3.79,5.87,2.85,1.39,5.55,6.1,2.78,2.77,6.9,1.68,5.41,1.99,2.72,2.67,1.44,2.14,1.88,2.77,5.83,2.88,3.88,3.96,1.72,2.59,1.98,3.11,7.68,6.11,1.72,1.85,3.72,5.04,2.74,4.53,3.55,2.85,3.81,1.37,1.55,2.05,3.24,1.31,1.2,5.64,4.5,5.18,3.97,5.45,6.32,1.6,1.3,1.26,4.72,7.63,2.69,1.48,1.22,2.24,2.2,2.38,6.22,2.9,1.54,1.5,4.08,3.97,5.69,1.67,6.11,5.42,4.25,1.75,2.14,2.5,2.82,6.87,1.12,2.64,1.64,2.06,2.24,2.58,4.49,2.82,2.01,6.31,6.04,3.75
2001,2.67,7.39,2.07,2.44,6.6,2.19,3.76,2.51,1.63,1.85,1.74,1.33,1.8,1.99,2.73,3.07,1.79,1.29,1.67,3.5,5.89,3.34,3.97,1.43,3.25,2.23,2.28,1.21,6.53,6.86,3.4,3.65,5.52,1.54,5.48,7.32,2.01,1.6,2.52,5.31,4.86,2.28,5.79,1.46,1.6,1.66,1.15,1.74,4.36,2.8,3.04,3.25,2.9,5.79,5.23,1.32,3.85,6.41,1.46,3.04,1.73,1.9,2.42,4.46,5.85,1.59,1.35,4.75,1.25,2.51,2.79,4.49,6.02,5.73,2.99,4.24,1.67,4.1,1.31,1.95,3.24,2.51,1.98,4.85,1.94,2.92,1.25,2.53,1.33,4.06,1.9,5.11,4.02,2.77,2.4,4.14,1.22,2.31,3.73,5.79,2.75,1.29,5.45,6.07,2.66,2.6,6.88,1.48,5.37,1.91,2.67,2.64,1.35,2.1,1.87,2.72,5.81,2.85,3.76,3.77,1.71,2.43,1.97,3.02,7.67,6.08,1.68,1.78,3.48,4.9,2.72,4.48,3.43,2.79,3.77,1.31,1.45,1.93,3.12,1.27,1.22,5.54,4.48,5.13,3.83,5.37,6.24,1.41,1.2,1.21,4.66,7.58,2.65,1.31,1.23,2.25,2.06,2.32,6.14,2.87,1.57,1.38,4.01,3.86,5.68,1.64,6.17,5.37,4.24,1.74,2.09,2.45,2.77,6.82,1.08,2.53,1.63,2.03,2.21,2.46,4.45,2.78,1.95,6.13,6,3.73
2002,2.64,7.27,1.98,2.4,6.57,2.17,3.69,2.49,1.64,1.82,1.76,1.39,1.8,1.93,2.66,2.97,1.79,1.24,1.65,3.39,5.82,3.18,3.89,1.37,3.2,2.16,2.22,1.23,6.47,6.8,3.27,3.52,5.48,1.51,5.46,7.27,1.97,1.6,2.46,5.24,4.85,2.2,5.71,1.42,1.59,1.61,1.17,1.72,4.24,2.76,2.97,3.17,2.79,5.73,5.15,1.36,3.79,6.26,1.46,3,1.72,1.88,2.37,4.39,5.82,1.59,1.34,4.68,1.28,2.46,2.76,4.37,5.95,5.64,2.96,4.13,1.65,3.96,1.3,1.93,3.18,2.51,1.92,4.76,1.97,2.89,1.27,2.48,1.32,4.01,2,5.05,3.98,2.69,2.4,3.98,1.26,2.23,3.67,5.7,2.67,1.23,5.34,6.03,2.54,2.47,6.86,1.45,5.32,1.94,2.62,2.61,1.29,2.08,1.86,2.67,5.79,2.81,3.67,3.59,1.73,2.33,1.89,2.94,7.66,6.06,1.64,1.75,3.29,4.77,2.7,4.42,3.32,2.75,3.71,1.25,1.46,1.83,3,1.27,1.29,5.44,4.46,5.09,3.71,5.29,6.16,1.37,1.19,1.21,4.61,7.52,2.62,1.18,1.25,2.25,1.93,2.27,6.05,2.84,1.65,1.39,3.95,3.77,5.67,1.62,6.18,5.33,4.22,1.74,2.05,2.4,2.73,6.78,1.1,2.43,1.63,2.02,2.18,2.52,4.42,2.74,1.92,5.95,5.96,3.72
2003,2.62,7.15,1.9,2.41,6.53,2.14,3.63,2.46,1.65,1.8,1.75,1.38,1.9,1.89,2.59,2.88,1.8,1.23,1.67,3.29,5.75,3.04,3.8,1.33,3.16,2.1,2.15,1.26,6.4,6.74,3.15,3.41,5.43,1.54,5.44,7.21,1.94,1.6,2.4,5.17,4.85,2.12,5.63,1.41,1.58,1.58,1.18,1.76,4.12,2.73,2.91,3.11,2.69,5.68,5.07,1.37,3.75,6.11,1.47,2.94,1.76,1.89,2.33,4.33,5.79,1.6,1.34,4.61,1.29,2.41,2.72,4.25,5.88,5.56,2.92,4.03,1.66,3.82,1.27,1.99,3.11,2.51,1.88,4.68,1.96,2.95,1.29,2.44,1.29,3.98,2.03,4.98,3.95,2.61,2.5,3.85,1.32,2.14,3.62,5.61,2.61,1.26,5.24,6,2.44,2.37,6.84,1.48,5.28,1.87,2.58,2.58,1.25,2.09,1.85,2.63,5.77,2.76,3.6,3.42,1.75,2.27,1.93,2.87,7.65,6.04,1.61,1.8,3.14,4.65,2.68,4.37,3.21,2.72,3.65,1.22,1.44,1.76,2.86,1.3,1.32,5.34,4.45,5.05,3.6,5.23,6.07,1.27,1.2,1.2,4.56,7.45,2.61,1.19,1.3,2.26,1.83,2.23,5.97,2.81,1.71,1.39,3.9,3.7,5.66,1.6,6.14,5.28,4.2,1.75,2.02,2.35,2.7,6.72,1.17,2.34,1.7,2.05,2.16,2.36,4.38,2.7,1.9,5.78,5.92,3.73
2004,2.61,7.02,1.82,2.44,6.5,2.11,3.58,2.44,1.66,1.79,1.77,1.42,2.05,1.87,2.51,2.78,1.8,1.23,1.72,3.18,5.69,2.91,3.71,1.3,3.12,2.03,2.09,1.33,6.34,6.67,3.04,3.31,5.39,1.55,5.41,7.15,1.92,1.61,2.33,5.1,4.84,2.07,5.55,1.43,1.58,1.55,1.23,1.78,3.99,2.69,2.85,3.05,2.6,5.62,5.01,1.47,3.7,5.96,1.5,2.89,1.8,1.92,2.29,4.29,5.76,1.63,1.36,4.55,1.31,2.37,2.68,4.11,5.8,5.47,2.88,3.93,1.67,3.68,1.28,2.04,3.04,2.52,1.85,4.6,1.93,2.9,1.34,2.4,1.29,3.94,2.21,4.91,3.93,2.55,2.6,3.72,1.29,2.07,3.56,5.52,2.56,1.27,5.14,5.96,2.36,2.31,6.82,1.4,5.23,1.92,2.54,2.56,1.22,2.12,1.85,2.6,5.73,2.71,3.57,3.26,1.72,2.18,1.98,2.82,7.63,6.01,1.57,1.83,3.03,4.53,2.66,4.32,3.12,2.71,3.58,1.23,1.4,1.78,2.71,1.33,1.34,5.24,4.46,5.01,3.51,5.19,5.97,1.26,1.25,1.25,4.51,7.38,2.6,1.16,1.31,2.27,1.74,2.2,5.89,2.78,1.75,1.42,3.86,3.65,5.65,1.58,6.03,5.23,4.18,1.76,2,2.31,2.67,6.66,1.22,2.25,1.75,2.05,2.13,2.46,4.34,2.66,1.89,5.6,5.86,3.74
2005,2.59,6.88,1.76,2.5,6.46,2.08,3.54,2.42,1.68,1.77,1.81,1.41,2,1.86,2.44,2.69,1.79,1.25,1.76,3.08,5.63,2.79,3.62,1.29,3.09,1.98,2.02,1.37,6.27,6.59,2.93,3.23,5.35,1.57,5.38,7.07,1.91,1.61,2.26,5.04,4.83,2.02,5.46,1.5,1.57,1.52,1.29,1.8,3.87,2.65,2.8,3.02,2.53,5.56,4.95,1.52,3.66,5.81,1.5,2.85,1.8,1.94,2.25,4.25,5.73,1.66,1.34,4.49,1.34,2.34,2.64,3.97,5.73,5.39,2.84,3.84,1.67,3.55,1.31,2.05,2.97,2.51,1.83,4.53,1.86,2.84,1.34,2.36,1.26,3.91,2.22,4.84,3.91,2.49,2.5,3.62,1.39,2,3.5,5.43,2.53,1.29,5.05,5.91,2.29,2.28,6.79,1.38,5.18,1.88,2.5,2.53,1.22,2.18,1.69,2.57,5.69,2.66,3.55,3.12,1.71,2.2,1.97,2.77,7.61,5.99,1.5,1.84,2.95,4.42,2.65,4.26,3.04,2.7,3.5,1.24,1.41,1.77,2.57,1.4,1.29,5.13,4.46,4.96,3.42,5.15,5.86,1.26,1.27,1.26,4.47,7.31,2.6,1.09,1.33,2.28,1.68,2.17,5.8,2.75,1.77,1.42,3.81,3.62,5.64,1.57,5.88,5.18,4.14,1.77,1.99,2.27,2.65,6.59,1.21,2.16,1.76,2.06,2.1,2.36,4.3,2.63,1.89,5.43,5.79,3.78
2006,2.58,6.72,1.7,2.57,6.42,2.05,3.51,2.4,1.69,1.77,1.91,1.41,1.97,1.87,2.36,2.6,1.78,1.34,1.8,2.98,5.58,2.68,3.53,1.29,3.07,1.93,1.97,1.44,6.19,6.52,2.84,3.16,5.31,1.61,5.35,6.99,1.9,1.62,2.2,4.98,4.82,1.98,5.38,1.47,1.58,1.5,1.34,1.85,3.74,2.62,2.75,3.01,2.47,5.5,4.88,1.58,3.62,5.67,1.52,2.81,1.84,2,2.22,4.22,5.7,1.71,1.33,4.44,1.4,2.32,2.6,3.83,5.65,5.31,2.8,3.75,1.71,3.42,1.34,2.08,2.9,2.51,1.81,4.48,1.91,2.88,1.37,2.33,1.32,3.87,2.36,4.77,3.9,2.45,2.7,3.52,1.46,1.96,3.45,5.34,2.51,1.33,4.96,5.84,2.25,2.26,6.76,1.36,5.14,1.77,2.46,2.51,1.23,2.25,1.73,2.55,5.63,2.6,3.56,2.99,1.72,2.29,2.01,2.73,7.59,5.96,1.46,1.9,2.9,4.31,2.64,4.21,2.97,2.68,3.43,1.27,1.37,1.71,2.43,1.42,1.31,5.02,4.46,4.92,3.33,5.12,5.75,1.28,1.25,1.31,4.44,7.23,2.61,1.13,1.36,2.28,1.63,2.15,5.72,2.72,1.85,1.44,3.76,3.6,5.62,1.56,5.68,5.12,4.1,1.78,2,2.24,2.65,6.52,1.31,2.08,1.82,2.11,2.07,2.39,4.26,2.6,1.9,5.25,5.72,3.82
2007,2.57,6.56,1.67,2.65,6.37,2.02,3.49,2.38,1.7,1.76,1.96,1.38,1.97,1.88,2.3,2.52,1.76,1.43,1.82,2.89,5.52,2.58,3.45,1.3,3.05,1.88,1.93,1.49,6.12,6.44,2.76,3.09,5.27,1.66,5.32,6.9,1.9,1.62,2.14,4.93,4.81,1.95,5.3,1.48,1.59,1.48,1.45,1.84,3.62,2.59,2.71,3.04,2.41,5.43,4.81,1.69,3.56,5.53,1.54,2.78,1.83,1.98,2.18,4.2,5.67,1.76,1.37,4.39,1.41,2.3,2.56,3.7,5.58,5.24,2.76,3.66,1.73,3.3,1.32,2.09,2.82,2.51,1.81,4.44,2.01,2.9,1.4,2.29,1.34,3.82,2.47,4.68,3.88,2.4,2.7,3.42,1.54,1.93,3.4,5.25,2.5,1.36,4.87,5.75,2.22,2.25,6.72,1.35,5.1,1.74,2.42,2.49,1.24,2.34,1.8,2.55,5.58,2.53,3.58,2.87,1.72,2.2,2.18,2.69,7.57,5.93,1.46,1.9,2.88,4.21,2.64,4.16,2.91,2.66,3.36,1.31,1.35,1.65,2.31,1.45,1.42,4.89,4.45,4.87,3.25,5.11,5.62,1.29,1.27,1.38,4.42,7.14,2.61,1.26,1.38,2.28,1.6,2.13,5.64,2.69,1.88,1.46,3.7,3.6,5.58,1.55,5.45,5.06,4.06,1.79,2.02,2.21,2.67,6.43,1.35,2.01,1.86,2.12,2.05,2.55,4.22,2.56,1.91,5.09,5.65,3.87
2008,2.55,6.37,1.65,2.73,6.32,2.01,3.48,2.37,1.71,1.76,1.98,1.42,1.9,1.88,2.24,2.45,1.74,1.49,1.85,2.82,5.47,2.48,3.36,1.3,3.03,1.85,1.92,1.56,6.04,6.35,2.69,3.02,5.22,1.69,5.29,6.8,1.9,1.62,2.08,4.87,4.8,1.92,5.22,1.47,1.6,1.46,1.51,1.89,3.5,2.56,2.68,3.09,2.36,5.36,4.74,1.72,3.5,5.39,1.58,2.76,1.85,2.01,2.15,4.18,5.64,1.82,1.38,4.35,1.5,2.28,2.53,3.58,5.5,5.17,2.72,3.58,1.74,3.18,1.35,2.15,2.74,2.5,1.81,4.4,2.06,2.96,1.45,2.25,1.37,3.77,2.68,4.59,3.87,2.35,2.8,3.33,1.58,1.93,3.36,5.15,2.49,1.45,4.78,5.63,2.19,2.25,6.67,1.43,5.06,1.67,2.39,2.47,1.26,2.44,1.89,2.55,5.52,2.47,3.6,2.75,1.77,2.2,2.19,2.66,7.54,5.9,1.47,1.96,2.87,4.12,2.63,4.1,2.85,2.63,3.29,1.39,1.39,1.65,2.21,1.6,1.5,4.77,4.43,4.83,3.16,5.09,5.49,1.28,1.34,1.53,4.4,7.06,2.61,1.19,1.45,2.27,1.57,2.11,5.55,2.66,1.91,1.48,3.61,3.59,5.54,1.55,5.22,5,4.01,1.8,2.05,2.19,2.71,6.33,1.46,1.94,1.91,2.07,2.03,2.64,4.18,2.53,1.92,4.94,5.57,3.93
2009,2.53,6.18,1.65,2.8,6.26,1.99,3.48,2.36,1.72,1.76,1.97,1.39,1.82,1.88,2.2,2.38,1.71,1.51,1.84,2.75,5.42,2.39,3.29,1.31,3.03,1.82,1.92,1.66,5.95,6.27,2.63,2.95,5.17,1.68,5.25,6.7,1.89,1.62,2.03,4.81,4.78,1.9,5.15,1.5,1.62,1.44,1.51,1.84,3.4,2.53,2.64,3.15,2.31,5.29,4.66,1.7,3.42,5.26,1.56,2.75,1.86,2,2.12,4.16,5.61,1.87,1.36,4.31,1.5,2.26,2.51,3.47,5.42,5.11,2.68,3.5,1.72,3.06,1.32,2.23,2.66,2.49,1.82,4.37,2.06,2.96,1.45,2.21,1.37,3.71,2.55,4.48,3.86,2.29,2.9,3.23,1.46,1.94,3.33,5.06,2.49,1.5,4.69,5.49,2.17,2.23,6.61,1.42,5.02,1.59,2.36,2.45,1.27,2.54,1.98,2.56,5.45,2.41,3.62,2.64,1.79,2.2,2.13,2.63,7.51,5.87,1.5,1.98,2.87,4.03,2.63,4.04,2.79,2.59,3.24,1.4,1.34,1.65,2.13,1.66,1.54,4.64,4.39,4.78,3.07,5.08,5.35,1.22,1.44,1.53,4.4,6.96,2.61,1.15,1.38,2.26,1.56,2.09,5.47,2.63,1.94,1.5,3.51,3.6,5.49,1.55,5,4.94,3.96,1.8,2.1,2.17,2.77,6.23,1.47,1.88,1.89,2,2.02,2.53,4.14,2.5,1.93,4.8,5.5,3.99
2010,2.52,5.98,1.66,2.86,6.19,1.99,3.47,2.35,1.72,1.77,1.93,1.44,1.92,1.87,2.16,2.32,1.69,1.49,1.86,2.69,5.36,2.3,3.21,1.32,3.02,1.8,1.94,1.57,5.87,6.18,2.58,2.88,5.11,1.64,5.22,6.59,1.88,1.63,1.99,4.75,4.77,1.89,5.09,1.46,1.65,1.42,1.51,1.87,3.3,2.5,2.62,3.23,2.27,5.21,4.57,1.72,3.34,5.14,1.58,2.75,1.87,2.03,2.1,4.15,5.58,1.91,1.39,4.27,1.48,2.24,2.49,3.38,5.34,5.05,2.66,3.43,1.7,2.96,1.25,2.2,2.58,2.48,1.84,4.34,2.05,3.03,1.46,2.17,1.39,3.63,2.59,4.37,3.84,2.23,3.1,3.14,1.36,1.97,3.3,4.97,2.48,1.5,4.6,5.33,2.15,2.21,6.55,1.36,4.98,1.57,2.34,2.43,1.28,2.64,1.7,2.57,5.39,2.36,3.63,2.54,1.79,2.2,2.17,2.6,7.47,5.84,1.6,1.95,2.87,3.95,2.62,3.99,2.73,2.55,3.18,1.41,1.39,1.62,2.07,1.59,1.57,4.52,4.34,4.73,2.97,5.06,5.2,1.15,1.43,1.57,4.4,6.87,2.6,1.23,1.37,2.25,1.54,2.07,5.38,2.61,1.98,1.52,3.4,3.6,5.43,1.54,4.81,4.87,3.91,1.81,2.14,2.15,2.83,6.11,1.44,1.82,1.92,1.93,2.01,2.34,4.1,2.47,1.94,4.67,5.42,4.03
2011,2.5,5.77,1.67,2.91,6.12,1.99,3.46,2.34,1.72,1.78,1.93,1.43,1.96,1.85,2.14,2.27,1.67,1.52,1.81,2.64,5.31,2.22,3.14,1.32,3.02,1.78,1.96,1.51,5.78,6.09,2.54,2.8,5.05,1.62,5.17,6.48,1.87,1.63,1.96,4.69,4.74,1.87,5.03,1.41,1.67,1.41,1.43,1.75,3.21,2.48,2.59,3.31,2.22,5.13,4.49,1.61,3.26,5.02,1.56,2.76,1.83,2.01,2.07,4.13,5.55,1.95,1.39,4.23,1.4,2.22,2.47,3.29,5.26,4.99,2.63,3.36,1.68,2.86,1.23,2.02,2.51,2.47,1.87,4.3,2.03,2.98,1.44,2.14,1.39,3.54,2.59,4.25,3.82,2.18,3.1,3.06,1.33,2,3.28,4.88,2.47,1.55,4.52,5.16,2.13,2.17,6.47,1.45,4.94,1.55,2.32,2.41,1.28,2.72,1.65,2.58,5.33,2.31,3.63,2.44,1.76,2.15,2.09,2.58,7.43,5.8,1.46,1.88,2.88,3.88,2.61,3.93,2.68,2.49,3.12,1.33,1.35,1.6,2.03,1.47,1.58,4.41,4.28,4.68,2.87,5.04,5.06,1.2,1.45,1.56,4.41,6.77,2.58,1.24,1.34,2.24,1.52,2.05,5.29,2.59,1.9,1.52,3.29,3.6,5.36,1.54,4.64,4.8,3.86,1.8,2.18,2.14,2.89,5.98,1.46,1.76,1.91,1.89,2.01,2.24,4.06,2.44,1.95,4.55,5.33,4.06
2012,2.49,5.56,1.68,2.95,6.04,1.99,3.45,2.33,1.73,1.8,1.92,1.44,2,1.83,2.12,2.23,1.65,1.62,1.8,2.59,5.25,2.16,3.08,1.31,3.01,1.77,1.97,1.5,5.69,5.99,2.5,2.74,4.98,1.62,5.12,6.37,1.85,1.64,1.93,4.63,4.71,1.85,4.97,1.52,1.68,1.39,1.45,1.73,3.13,2.46,2.57,3.38,2.19,5.04,4.41,1.56,3.2,4.9,1.55,2.77,1.8,2.01,2.05,4.11,5.52,1.98,1.41,4.19,1.34,2.19,2.45,3.22,5.18,4.92,2.61,3.29,1.69,2.77,1.34,2.04,2.44,2.46,1.9,4.24,1.98,3.05,1.43,2.1,1.41,3.44,2.62,4.12,3.8,2.14,3.2,2.98,1.44,2.04,3.27,4.79,2.45,1.6,4.44,4.99,2.11,2.13,6.4,1.42,4.9,1.54,2.29,2.4,1.27,2.79,1.72,2.58,5.26,2.27,3.62,2.35,1.72,2.28,2.1,2.55,7.38,5.76,1.5,1.85,2.9,3.82,2.6,3.87,2.63,2.44,3.06,1.33,1.28,1.54,2,1.52,1.69,4.32,4.21,4.63,2.77,5.01,4.92,1.29,1.34,1.58,4.43,6.66,2.56,1.3,1.32,2.23,1.51,2.02,5.2,2.57,1.91,1.52,3.18,3.61,5.29,1.54,4.5,4.73,3.82,1.8,2.22,2.13,2.94,5.85,1.53,1.71,1.92,1.88,2.01,2.19,4.02,2.42,1.96,4.44,5.23,4.06
2013,2.47,5.36,1.69,2.99,5.95,2,3.43,2.32,1.73,1.81,1.86,1.44,1.98,1.81,2.1,2.19,1.63,1.67,1.76,2.54,5.18,2.11,3.01,1.31,3,1.76,1.98,1.48,5.61,5.9,2.46,2.68,4.92,1.6,5.07,6.26,1.82,1.65,1.91,4.56,4.68,1.84,4.92,1.46,1.69,1.38,1.46,1.67,3.05,2.44,2.54,3.42,2.15,4.95,4.34,1.52,3.14,4.79,1.53,2.79,1.75,1.99,2.03,4.1,5.48,2.01,1.42,4.15,1.29,2.17,2.43,3.15,5.09,4.86,2.58,3.22,1.66,2.7,1.35,1.93,2.38,2.44,1.95,4.17,1.93,3.03,1.39,2.07,1.43,3.32,2.64,4,3.77,2.11,3.1,2.91,1.52,2.07,3.25,4.71,2.42,1.59,4.37,4.82,2.09,2.08,6.32,1.36,4.85,1.44,2.27,2.39,1.27,2.85,1.73,2.57,5.2,2.24,3.6,2.26,1.68,2.19,2.01,2.53,7.31,5.71,1.5,1.78,2.91,3.76,2.58,3.81,2.58,2.39,2.98,1.29,1.21,1.47,1.97,1.46,1.71,4.25,4.15,4.58,2.68,4.96,4.79,1.19,1.34,1.55,4.44,6.56,2.54,1.19,1.27,2.22,1.5,2,5.11,2.54,1.89,1.52,3.09,3.62,5.22,1.54,4.38,4.66,3.77,1.79,2.24,2.12,2.96,5.7,1.51,1.65,1.83,1.86,2,2.35,3.98,2.39,1.98,4.33,5.13,4.03
2014,2.46,5.16,1.69,3.02,5.86,2,3.4,2.31,1.73,1.83,1.83,1.46,1.97,1.79,2.08,2.15,1.62,1.7,1.74,2.49,5.12,2.07,2.95,1.3,2.99,1.76,1.97,1.53,5.52,5.8,2.43,2.63,4.85,1.61,5.01,6.15,1.79,1.66,1.88,4.49,4.63,1.82,4.87,1.46,1.69,1.36,1.53,1.69,2.98,2.42,2.52,3.44,2.13,4.86,4.27,1.54,3.1,4.68,1.55,2.8,1.71,2,2.01,4.08,5.44,2.03,1.47,4.1,1.3,2.15,2.41,3.09,5.01,4.78,2.56,3.16,1.67,2.64,1.44,1.93,2.33,2.41,1.99,4.08,1.89,3.08,1.37,2.05,1.42,3.2,2.73,3.88,3.73,2.09,3.2,2.85,1.65,2.09,3.24,4.62,2.39,1.63,4.3,4.67,2.07,2.04,6.23,1.38,4.79,1.43,2.24,2.38,1.27,2.89,1.75,2.55,5.13,2.22,3.58,2.18,1.71,2.17,1.92,2.5,7.25,5.65,1.5,1.75,2.93,3.71,2.56,3.76,2.54,2.36,2.89,1.32,1.23,1.43,1.95,1.56,1.75,4.2,4.09,4.53,2.59,4.91,4.67,1.25,1.37,1.58,4.46,6.46,2.51,1.21,1.32,2.22,1.49,1.98,5.02,2.52,1.88,1.54,3.01,3.62,5.15,1.54,4.29,4.59,3.72,1.78,2.25,2.11,2.96,5.55,1.5,1.6,1.81,1.86,2,2.46,3.94,2.37,2,4.21,5.03,3.97
2015,2.46,4.98,1.68,3.04,5.77,2,3.37,2.3,1.74,1.85,1.81,1.49,1.94,1.78,2.06,2.12,1.61,1.72,1.7,2.44,5.05,2.04,2.89,1.3,2.97,1.75,1.95,1.53,5.44,5.7,2.39,2.59,4.78,1.6,4.94,6.05,1.75,1.67,1.86,4.42,4.59,1.81,4.81,1.41,1.67,1.35,1.57,1.71,2.91,2.41,2.5,3.44,2.1,4.77,4.22,1.58,3.07,4.57,1.55,2.8,1.65,1.96,1.99,4.06,5.39,2.05,1.5,4.04,1.33,2.13,2.38,3.03,4.93,4.71,2.53,3.1,1.67,2.58,1.45,1.8,2.3,2.39,2.04,3.97,1.85,3.09,1.35,2.03,1.45,3.07,2.74,3.77,3.69,2.08,3.2,2.8,1.7,2.1,3.22,4.54,2.36,1.7,4.24,4.53,2.06,1.99,6.15,1.37,4.74,1.36,2.22,2.37,1.26,2.92,1.74,2.52,5.06,2.2,3.54,2.1,1.66,2.06,1.99,2.48,7.17,5.59,1.49,1.72,2.94,3.66,2.54,3.71,2.51,2.32,2.81,1.32,1.31,1.34,1.93,1.62,1.78,4.16,4.03,4.48,2.51,4.84,4.56,1.24,1.4,1.57,4.46,6.36,2.48,1.24,1.33,2.21,1.47,1.95,4.94,2.49,1.85,1.54,2.94,3.62,5.08,1.54,4.22,4.52,3.68,1.77,2.25,2.1,2.93,5.39,1.51,1.54,1.8,1.84,2,2.49,3.9,2.34,2.01,4.1,4.92,3.9
2016,2.44,4.8,1.66,3.05,5.69,2,3.32,2.29,1.74,1.87,1.75,1.53,1.9,1.77,2.03,2.09,1.61,1.73,1.68,2.39,4.98,2.01,2.83,1.29,2.94,1.75,1.92,1.54,5.35,5.6,2.35,2.56,4.71,1.59,4.87,5.95,1.71,1.68,1.84,4.35,4.54,1.79,4.76,1.43,1.66,1.35,1.63,1.79,2.85,2.39,2.48,3.41,2.08,4.69,4.16,1.6,3.04,4.46,1.57,2.8,1.57,1.92,1.97,4.04,5.34,2.06,1.6,3.98,1.38,2.1,2.36,2.97,4.85,4.63,2.51,3.04,1.66,2.54,1.53,1.74,2.27,2.36,2.08,3.86,1.81,3.11,1.34,2.01,1.44,2.95,2.77,3.66,3.65,2.08,3.1,2.75,1.74,2.1,3.2,4.46,2.32,1.69,4.18,4.41,2.04,1.95,6.06,1.37,4.68,1.4,2.19,2.36,1.26,2.92,1.79,2.49,4.99,2.18,3.5,2.03,1.66,2.08,1.87,2.46,7.09,5.53,1.5,1.71,2.94,3.61,2.51,3.66,2.48,2.3,2.72,1.39,1.36,1.24,1.91,1.69,1.76,4.12,3.98,4.43,2.44,4.77,4.46,1.2,1.48,1.58,4.45,6.27,2.46,1.17,1.34,2.21,1.46,1.93,4.86,2.47,1.85,1.54,2.89,3.62,5.02,1.54,4.16,4.45,3.64,1.75,2.24,2.09,2.89,5.24,1.47,1.49,1.79,1.82,1.99,2.46,3.86,2.32,2.03,3.99,4.81,3.8
2017,2.43,4.63,1.64,3.05,5.6,2,3.28,2.28,1.75,1.89,1.74,1.52,1.75,1.76,2.01,2.06,1.62,1.54,1.65,2.35,4.91,1.99,2.78,1.28,2.91,1.74,1.88,1.56,5.27,5.5,2.31,2.53,4.64,1.54,4.8,5.85,1.68,1.68,1.83,4.28,4.48,1.77,4.7,1.42,1.64,1.34,1.69,1.75,2.79,2.37,2.45,3.37,2.06,4.6,4.11,1.59,3.02,4.35,1.54,2.79,1.49,1.89,1.96,4.01,5.28,2.06,1.57,3.93,1.35,2.08,2.33,2.92,4.78,4.55,2.49,2.99,1.63,2.5,1.54,1.71,2.24,2.34,2.12,3.76,1.77,3.11,1.32,1.99,1.43,2.85,2.75,3.57,3.61,2.08,3,2.71,1.69,2.1,3.17,4.39,2.28,1.63,4.13,4.3,2.02,1.91,5.97,1.26,4.62,1.44,2.16,2.34,1.26,2.91,1.78,2.45,4.92,2.17,3.45,1.97,1.62,1.97,1.81,2.43,7,5.46,1.43,1.62,2.92,3.56,2.49,3.61,2.45,2.28,2.64,1.48,1.38,1.1,1.89,1.71,1.62,4.09,3.93,4.37,2.37,4.7,4.36,1.16,1.52,1.62,4.43,6.17,2.43,1.05,1.31,2.21,1.45,1.91,4.78,2.44,1.78,1.52,2.85,3.61,4.95,1.53,4.09,4.38,3.6,1.74,2.22,2.08,2.84,5.1,1.37,1.45,1.74,1.77,1.98,2.42,3.82,2.29,2.04,3.89,4.72,3.71
2018,2.41,4.47,1.62,3.02,5.52,1.99,3.23,2.26,1.76,1.9,1.74,1.47,1.73,1.75,1.99,2.04,1.62,1.45,1.62,2.31,4.84,1.98,2.73,1.27,2.87,1.73,1.85,1.56,5.19,5.41,2.27,2.5,4.57,1.5,4.72,5.75,1.65,1.69,1.81,4.21,4.43,1.75,4.65,1.47,1.62,1.33,1.71,1.73,2.73,2.35,2.43,3.33,2.04,4.51,4.06,1.67,2.99,4.25,1.52,2.77,1.41,1.87,1.94,3.97,5.22,2.06,1.57,3.87,1.35,2.06,2.31,2.87,4.7,4.48,2.46,2.94,1.6,2.46,1.55,1.71,2.22,2.31,2.14,3.67,1.75,3.09,1.29,1.98,1.42,2.76,2.84,3.49,3.57,2.08,3.3,2.67,1.6,2.09,3.14,4.32,2.24,1.63,4.08,4.21,2,1.87,5.88,1.23,4.56,1.41,2.13,2.33,1.26,2.9,1.76,2.42,4.85,2.15,3.4,1.92,1.59,1.97,1.71,2.4,6.91,5.39,1.42,1.56,2.89,3.51,2.46,3.56,2.43,2.25,2.58,1.46,1.42,1.04,1.87,1.76,1.58,4.04,3.88,4.32,2.32,4.63,4.26,1.14,1.54,1.6,4.4,6.07,2.41,0.98,1.26,2.2,1.44,1.89,4.7,2.42,1.76,1.52,2.81,3.59,4.89,1.53,4.02,4.32,3.56,1.73,2.2,2.07,2.79,4.96,1.3,1.41,1.68,1.73,1.97,2.6,3.78,2.27,2.05,3.79,4.63,3.62
2019,2.4,4.32,1.6,2.99,5.44,1.99,3.19,2.25,1.76,1.9,1.66,1.46,1.81,1.74,1.96,2.01,1.62,1.38,1.6,2.27,4.77,1.95,2.69,1.25,2.84,1.72,1.82,1.58,5.11,5.32,2.24,2.48,4.51,1.47,4.65,5.65,1.63,1.7,1.79,4.14,4.37,1.74,4.59,1.47,1.6,1.32,1.71,1.7,2.68,2.32,2.4,3.28,2.02,4.43,4,1.66,2.96,4.15,1.5,2.75,1.35,1.86,1.93,3.92,5.15,2.06,1.54,3.82,1.34,2.04,2.29,2.82,4.63,4.4,2.44,2.89,1.57,2.43,1.55,1.74,2.2,2.29,2.15,3.6,1.71,3.01,1.27,1.97,1.36,2.69,2.9,3.42,3.53,2.08,3.3,2.63,1.61,2.08,3.11,4.25,2.21,1.61,4.03,4.13,1.98,1.84,5.79,1.14,4.5,1.4,2.1,2.32,1.27,2.87,1.77,2.38,4.78,2.14,3.34,1.88,1.57,1.94,1.72,2.38,6.82,5.32,1.34,1.53,2.84,3.45,2.44,3.52,2.41,2.23,2.53,1.44,1.43,0.98,1.85,1.77,1.5,3.99,3.83,4.27,2.28,4.56,4.17,1.14,1.57,1.61,4.36,5.98,2.38,0.92,1.23,2.19,1.42,1.87,4.62,2.39,1.71,1.48,2.77,3.56,4.83,1.51,3.94,4.26,3.52,1.71,2.17,2.06,2.74,4.82,1.23,1.39,1.63,1.71,1.96,2.79,3.74,2.25,2.05,3.7,4.56,3.53
2020,2.39,4.18,1.58,2.94,5.37,1.98,3.15,2.23,1.76,1.9,1.58,1.44,1.7,1.73,1.94,1.99,1.63,1.38,1.55,2.25,4.7,1.93,2.65,1.24,2.8,1.71,1.8,1.56,5.03,5.24,2.21,2.45,4.44,1.4,4.57,5.55,1.61,1.7,1.77,4.07,4.32,1.72,4.54,1.48,1.59,1.31,1.71,1.67,2.63,2.3,2.38,3.24,2,4.35,3.93,1.58,2.92,4.05,1.49,2.73,1.37,1.83,1.91,3.87,5.09,2.05,1.53,3.77,1.34,2.02,2.28,2.78,4.55,4.33,2.42,2.84,1.52,2.39,1.56,1.72,2.18,2.27,2.14,3.54,1.63,2.9,1.24,1.95,1.34,2.64,3.13,3.37,3.49,2.07,3,2.58,1.55,2.06,3.07,4.18,2.18,1.48,3.98,4.06,1.97,1.82,5.69,1.13,4.45,1.44,2.08,2.31,1.28,2.83,1.75,2.35,4.71,2.12,3.29,1.85,1.55,1.92,1.61,2.35,6.74,5.25,1.3,1.48,2.78,3.39,2.42,3.48,2.38,2.21,2.49,1.38,1.4,0.9,1.83,1.6,1.51,3.93,3.79,4.21,2.24,4.49,4.08,1.1,1.57,1.6,4.31,5.89,2.36,0.84,1.23,2.17,1.41,1.85,4.54,2.37,1.66,1.46,2.73,3.52,4.77,1.5,3.85,4.2,3.48,1.7,2.15,2.04,2.7,4.7,1.22,1.37,1.56,1.64,1.95,2.9,3.71,2.23,2.05,3.61,4.5,3.46
